Date,Open,High,Low,Close,Adj Close,Volume
11-05-2018,1727.099976,1742.5,1721.25,1728.474976,1551.095337,2627876
14-05-2018,1728.5,1735.5,1705.400024,1716.775024,1540.595947,2433894
15-05-2018,1725,1747.900024,1716.849976,1741.199951,1562.514404,1952890
16-05-2018,1739.974976,1754.5,1737.625,1746.949951,1567.674194,1648450
17-05-2018,1756.474976,1766.574951,1738,1745.900024,1566.732178,2968048
18-05-2018,1740.400024,1758.849976,1729,1751.025024,1571.331299,1874996
21-05-2018,1764.349976,1796,1759.025024,1778.375,1595.874756,3446178
22-05-2018,1779,1787.474976,1746.849976,1754.449951,1574.404785,1857416
23-05-2018,1762.5,1772.5,1740.5,1747.550049,1568.212524,1507298
24-05-2018,1755,1807.5,1751.175049,1801.849976,1616.94043,2962316
25-05-2018,1812.5,1837.400024,1786.275024,1792.900024,1608.908936,3769772
28-05-2018,1808.25,1808.25,1743,1751.025024,1571.331299,3716798
29-05-2018,1764.949951,1772,1744,1761.75,1580.955566,3525312
30-05-2018,1754.525024,1766.5,1741.25,1757.050049,1576.738159,3779106
31-05-2018,1734,1759.050049,1726.099976,1741.050049,1575.380615,5049371
01-06-2018,1754,1757.5,1716.300049,1732.449951,1567.598877,1603856
04-06-2018,1745,1749,1712.599976,1744.25,1578.276001,1681483
05-06-2018,1744,1751.900024,1711.150024,1721.599976,1557.781128,2449568
06-06-2018,1723,1734.900024,1715.199951,1725.75,1561.536621,2236512
07-06-2018,1725,1749,1723.800049,1735.550049,1570.404053,2414762
08-06-2018,1735,1757.300049,1735,1747.099976,1580.854858,2582138
11-06-2018,1747.099976,1763,1743,1749.699951,1583.207397,2179378
12-06-2018,1757,1785,1753,1781,1611.529419,4608875
13-06-2018,1816,1831.650024,1798,1824.099976,1650.527954,5370983
14-06-2018,1830,1832.300049,1784,1787.550049,1617.455933,3819998
15-06-2018,1800,1847.099976,1788.599976,1840.050049,1664.960327,9183574
18-06-2018,1867.949951,1867.949951,1822.150024,1829,1654.962158,4674987
19-06-2018,1822.150024,1839,1821,1824.5,1650.890137,3245034
20-06-2018,1832,1836.300049,1818.599976,1822.449951,1649.034912,3107695
21-06-2018,1832,1832,1817.599976,1819.349976,1646.229858,2910659
22-06-2018,1827,1827,1799.550049,1809.800049,1637.588867,2949458
25-06-2018,1811.900024,1822.349976,1806,1819.25,1646.139526,2083217
26-06-2018,1823,1861,1821,1852,1675.773193,4679712
27-06-2018,1860,1885.150024,1851.25,1858,1681.202515,4081208
28-06-2018,1865,1871,1826.300049,1842.699951,1667.358398,4888125
29-06-2018,1844.900024,1867.400024,1842.300049,1847.75,1671.927368,3506276
02-07-2018,1852,1857.800049,1841.099976,1851.349976,1675.185181,2650290
03-07-2018,1859.949951,1879.900024,1857.050049,1874.050049,1695.724976,3242233
04-07-2018,1879.900024,1879.900024,1857.150024,1866.150024,1688.576538,2700614
05-07-2018,1873,1887.5,1862.099976,1880.300049,1701.380249,2472571
06-07-2018,1882.849976,1921,1881.650024,1912.949951,1730.923706,3713781
09-07-2018,1924,1924.400024,1876.5,1883,1703.823486,6151747
10-07-2018,1898,1898.900024,1870.75,1875.099976,1696.675171,5303302
11-07-2018,1900,1998,1894.150024,1979.900024,1791.503174,22903802
12-07-2018,1984,1990.900024,1960.5,1971.349976,1783.766479,6921701
13-07-2018,1975,1997.900024,1974,1981.099976,1792.588623,4148185
16-07-2018,1990,1996,1977.449951,1989.199951,1799.918213,2582159
17-07-2018,1989,2009,1981,2002.150024,1815.286133,3315492
18-07-2018,2005,2011.699951,1993.050049,2000.25,1813.563721,2013869
19-07-2018,2002.099976,2010.449951,1970,1981.400024,1796.472778,1746318
20-07-2018,1984.900024,2000,1984,1996.599976,1810.253784,1934995
23-07-2018,2001,2009.949951,1986,2005.650024,1818.459473,2086201
24-07-2018,2015,2015,1984.150024,1999,1812.429932,2038423
25-07-2018,2001.900024,2002,1968.400024,1981.5,1796.563477,1535492
26-07-2018,1974.949951,1985,1955.099976,1964.699951,1781.331543,3503036
27-07-2018,1960.849976,1964.650024,1940.300049,1943.75,1762.336548,2033977
30-07-2018,1943,1954.699951,1931.550049,1944.599976,1763.107422,1579251
31-07-2018,1942,1947,1928,1940.199951,1759.11792,2204803
01-08-2018,1949.949951,1981.550049,1949.800049,1976.5,1792.029785,2425180
02-08-2018,1980,1985,1945,1948.400024,1766.552612,1509287
03-08-2018,1956.5,1982.050049,1956.5,1979.449951,1794.70459,1505131
06-08-2018,1997,1998.949951,1972.25,1975.550049,1791.168579,1532249
07-08-2018,1978.199951,1979.150024,1960.5,1967.349976,1783.734009,1353521
08-08-2018,1972,1978.300049,1962,1974,1789.763184,1315062
09-08-2018,1980,1980.800049,1966,1974.349976,1790.080566,2060297
10-08-2018,1980.949951,1996.5,1972.050049,1993.099976,1807.080566,2784105
13-08-2018,1997.800049,2004.25,1990,2000.150024,1813.472656,3559575
14-08-2018,1992,2024.599976,1982.400024,2003.550049,1816.555298,3311765
16-08-2018,2000.300049,2020.050049,1995,2008.5,1821.043335,2152065
17-08-2018,2013.849976,2021.900024,2004,2012.75,1824.896484,1213731
20-08-2018,2024,2024,2003.699951,2009.949951,1822.358032,1587032
21-08-2018,2010.150024,2024,2004,2017.650024,1829.339355,1376866
23-08-2018,2022.800049,2038,2020.300049,2035.099976,1845.160645,3046791
24-08-2018,2035.099976,2046,2031,2043,1852.323608,1570533
27-08-2018,2043,2059,2035,2050.899902,1859.486206,1532702
28-08-2018,2055,2072,2052,2069.199951,1876.078003,1987983
29-08-2018,2072.5,2076.600098,2045.599976,2072,1878.616699,1525867
30-08-2018,2068,2085,2065.5,2082.399902,1888.045532,2408020
31-08-2018,2082.300049,2092,2074,2078.399902,1884.419312,2504554
03-09-2018,2084.800049,2090,2048.399902,2052.899902,1861.299316,1439711
04-09-2018,2059.800049,2104.75,2056.949951,2098.899902,1903.006226,4420803
05-09-2018,2100,2107.25,2075.050049,2079.25,1885.190308,1681106
06-09-2018,2075,2081.5,2060.300049,2075.300049,1881.608887,2238097
07-09-2018,2079.300049,2084,2065.399902,2079.850098,1885.734375,1312182
10-09-2018,2084.399902,2093.399902,2074.25,2080.75,1886.550049,1530539
11-09-2018,2089,2089,2042.199951,2046.25,1855.270142,3679745
12-09-2018,2052.350098,2068.899902,2040,2043.949951,1853.18457,2307661
14-09-2018,2044,2071.550049,2018.150024,2065.399902,1872.632568,3642038
17-09-2018,2070,2077.800049,2054.550049,2074.149902,1880.566162,1033857
18-09-2018,2073,2078.800049,2057.600098,2070.75,1877.483521,1456507
19-09-2018,2071.899902,2089,2066.850098,2077.899902,1883.966064,1301268
21-09-2018,2077,2121,2050.149902,2103.149902,1906.859131,4508530
24-09-2018,2115,2210.5,2098.149902,2198.449951,1993.265137,3032226
25-09-2018,2204.899902,2211.899902,2153.800049,2183.199951,1979.43811,2868778
26-09-2018,2187,2199,2135.100098,2142.149902,1942.21936,1970951
27-09-2018,2141.899902,2209.699951,2135.800049,2188.850098,1984.560913,3311802
28-09-2018,2178,2190,2158.850098,2183.699951,1979.891846,2904371
01-10-2018,2190.899902,2275.949951,2190.350098,2255.550049,2045.0354,3772208
03-10-2018,2250.300049,2255,2155.600098,2162.850098,1960.987915,3902322
04-10-2018,2156.600098,2156.649902,2056.350098,2064.800049,1872.089111,4762419
05-10-2018,2050,2120,2020.900024,2102.649902,1906.40625,3417624
08-10-2018,2102.649902,2122.199951,2048.149902,2077.550049,1883.648682,2010154
09-10-2018,2080.350098,2107.649902,2053.199951,2091.800049,1896.568726,1867130
10-10-2018,2100,2105.949951,2029,2043.599976,1852.86731,2749573
11-10-2018,1985,2013,1941,1979.949951,1795.157837,4700256
12-10-2018,1978,1978,1903,1918.300049,1739.261841,9373289
15-10-2018,1940,1955.550049,1920,1949.5,1767.550049,2638151
16-10-2018,1958,1971.900024,1935,1962.300049,1779.155396,2815425
17-10-2018,1970,1989,1920,1929.400024,1749.325806,2779207
19-10-2018,1929,1929,1870.050049,1913.199951,1734.637939,3428776
22-10-2018,1914,1916,1886.949951,1903,1725.390015,1778496
23-10-2018,1888,1898,1837,1843.650024,1675.100098,2752811
24-10-2018,1852.050049,1874,1811.099976,1848.5,1679.506592,2735913
25-10-2018,1844,1876.900024,1825.050049,1853,1683.595337,2507233
26-10-2018,1853.900024,1853.900024,1791.099976,1799.099976,1634.622559,2285970
29-10-2018,1808.699951,1877.949951,1784.349976,1871,1699.949341,2609483
30-10-2018,1867,1909.400024,1845,1894.800049,1721.573975,2404883
31-10-2018,1900,1943.900024,1875.449951,1938.150024,1760.960693,2769190
01-11-2018,1943.650024,1944.349976,1901.300049,1935.75,1758.780273,2769759
02-11-2018,1934.199951,1954.599976,1905,1913.449951,1738.518799,1818635
05-11-2018,1910,1927.349976,1884.75,1890.849976,1717.984985,1713366
06-11-2018,1894,1937.5,1891,1932.699951,1756.008789,1398710
07-11-2018,1940,1949,1937,1942.150024,1764.594849,144530
09-11-2018,1961,1961.949951,1905,1909.199951,1734.657227,2570479
12-11-2018,1908.5,1946.099976,1908.5,1914.849976,1739.790771,2552008
13-11-2018,1915,1939,1903,1934.949951,1758.053345,1418432
14-11-2018,1925,1929.900024,1870,1880.650024,1708.717285,2422318
15-11-2018,1864,1899,1857.599976,1872.849976,1701.630493,1829123
16-11-2018,1889,1899.800049,1870.25,1886.599976,1714.123535,1829729
19-11-2018,1899,1907.349976,1864.300049,1902.449951,1728.524292,1740628
20-11-2018,1902,1902,1874.199951,1878.25,1706.536743,1190182
21-11-2018,1871,1871.050049,1798.550049,1812,1646.343628,3840461
22-11-2018,1820,1847.599976,1809.949951,1812.550049,1646.843018,3194219
26-11-2018,1819,1860,1784.5,1846.099976,1677.325928,4333177
27-11-2018,1854,1897.900024,1835.349976,1890.25,1717.439941,3344839
28-11-2018,1889,1989,1882.5,1983.900024,1802.527954,5313249
29-11-2018,1997,1997,1942.550049,1960.550049,1781.312988,4035441
30-11-2018,1966,1991,1959.849976,1968.25,1788.309082,5268901
03-12-2018,1984,1990,1968.300049,1982.400024,1801.165527,1610576
04-12-2018,1983,2019.400024,1971,2010.849976,1827.014404,3270615
05-12-2018,2006,2018,1985,2006.75,1823.289429,2501539
06-12-2018,1998,2017,1979.599976,1992.699951,1810.523926,2321216
07-12-2018,1985.050049,2003.900024,1973,1995.199951,1812.795166,1680420
10-12-2018,1975,2011,1960,1975.800049,1795.168701,2010786
11-12-2018,1970,2010,1961,2000,1817.15625,2942014
12-12-2018,2001.099976,2022,1984.949951,2016.800049,1832.42041,2219993
13-12-2018,2024,2029.699951,1974.5,1982.599976,1801.347168,3748429
14-12-2018,1983,1998.949951,1975.25,1989.75,1807.843384,2473761
17-12-2018,1999,2004.900024,1985,1994.300049,1811.977661,1227921
18-12-2018,1991.900024,2002,1976.400024,1987.849976,1806.116943,1768742
19-12-2018,1984.800049,1984.800049,1960.050049,1968.449951,1788.490356,2498833
20-12-2018,1953.800049,1974.900024,1946,1954.050049,1775.407104,1940277
21-12-2018,1948,1950,1886.550049,1895.800049,1722.482544,3729956
24-12-2018,1905.800049,1938.900024,1905,1918.5,1743.107056,1864116
26-12-2018,1921.800049,1921.800049,1870.25,1889.199951,1716.485962,2446614
27-12-2018,1909,1941.699951,1872.099976,1908.949951,1734.430176,4968201
28-12-2018,1915,1920,1893,1896.050049,1722.709717,2239130
31-12-2018,1908,1909,1886.150024,1893.050049,1719.983887,1879740
01-01-2019,1896,1910,1885,1902.800049,1728.842651,1094883
02-01-2019,1905,1934.449951,1900,1923.300049,1747.468384,2100463
03-01-2019,1919,1944.949951,1893.099976,1899.949951,1726.25293,2611668
04-01-2019,1900,1901.199951,1841,1876.849976,1705.264893,4280862
07-01-2019,1891.800049,1908.800049,1881,1897.900024,1724.390381,1856423
08-01-2019,1905.400024,1906.400024,1883.300049,1893.550049,1720.438477,1691756
09-01-2019,1907.400024,1919,1866.699951,1886.949951,1714.441406,2414376
10-01-2019,1890,1905,1872.099976,1888.550049,1715.895264,3053461
11-01-2019,1870,1875,1835,1842.550049,1674.100708,9209862
14-01-2019,1850,1851,1810,1813.25,1647.47937,3615370
15-01-2019,1810,1869.349976,1808,1867.800049,1697.042236,7711653
16-01-2019,1870,1875,1847,1870.150024,1699.177734,2359280
17-01-2019,1878,1898,1871.300049,1894.300049,1724.808594,2625816
18-01-2019,1881,1904.199951,1876,1900.650024,1730.590576,1683728
21-01-2019,1902,1932,1895.449951,1908.699951,1737.92041,2409803
22-01-2019,1907.099976,1918.25,1890,1901.900024,1731.728394,2457093
23-01-2019,1901,1906.099976,1870,1875.599976,1707.781616,2578169
24-01-2019,1884.800049,1905.25,1875,1901.550049,1731.40979,1962927
25-01-2019,1902,1935,1901,1920.800049,1748.9375,2327080
28-01-2019,1933,1962,1925.5,1955,1780.077393,2769033
29-01-2019,1962,1989.050049,1936.650024,1982.75,1805.344727,2557626
30-01-2019,1979.599976,1989.5,1954.650024,1981.400024,1804.115356,2429575
31-01-2019,1987,2019.75,1985,2014.099976,1833.889282,4094319
01-02-2019,2009.5,2034.75,1998.099976,2029.949951,1848.321411,3064163
04-02-2019,2029.949951,2055.449951,2023,2050.25,1866.805054,1590764
05-02-2019,2050,2055,2028,2044.550049,1861.615234,1111404
06-02-2019,2049.899902,2086.850098,2041.050049,2074.800049,1889.158691,1789812
07-02-2019,2074.75,2097.949951,2067,2082.899902,1896.533447,1339945
08-02-2019,2075,2089.5,2051,2061.399902,1876.95752,1684474
11-02-2019,2060,2096,2048.899902,2065.899902,1881.05481,1778730
12-02-2019,2070,2070,2018,2051.600098,1868.034424,2422903
14-02-2019,2060.050049,2075,2033.050049,2044.599976,1861.6604,1724085
15-02-2019,2049,2052,2010.949951,2029.699951,1848.093506,1930065
18-02-2019,2037.599976,2041.949951,1962.650024,1970.300049,1794.008545,2942184
19-02-2019,1970,1971,1892,1904.800049,1734.369019,4408554
20-02-2019,1915,1933.800049,1881.300049,1914.75,1743.429077,4645778
21-02-2019,1914.75,1940,1897.050049,1914.199951,1742.927979,4683919
22-02-2019,1917.199951,1930,1905.099976,1925.650024,1753.353394,2271955
25-02-2019,1932.5,1990,1930.5,1985.150024,1807.530029,2934880
26-02-2019,1984,2045.150024,1972.25,2038.699951,1856.288818,6453309
27-02-2019,2040,2074.949951,2022,2058.100098,1873.952881,4732082
28-02-2019,2060,2071.350098,1977.599976,1983.449951,1805.981934,8454295
01-03-2019,1995.050049,2005,1980.349976,1995.400024,1816.862915,4148548
05-03-2019,2005,2007,1976.599976,1988.099976,1810.21582,2449622
06-03-2019,1989.300049,2015,1985.050049,1999.599976,1820.687012,2635047
07-03-2019,2005,2024.050049,2000.199951,2013.300049,1833.161133,2539884
08-03-2019,2025,2033,2010.050049,2022.699951,1841.719971,2031071
11-03-2019,2028.900024,2033,2003.650024,2014.800049,1834.527222,3111689
12-03-2019,2014.050049,2024.800049,2003,2012.449951,1832.387207,2658550
13-03-2019,2013,2015.900024,1978.599976,2000.5,1821.506348,1833163
14-03-2019,2004.949951,2007.800049,1981,1987.400024,1809.578735,1905495
15-03-2019,1998.900024,2068.949951,1991,2039.949951,1857.426636,5184318
18-03-2019,2043,2064.600098,2011,2022.800049,1841.811279,2349915
19-03-2019,2030,2030,1995.099976,2022.800049,1841.811279,2373993
20-03-2019,2028,2044.800049,2000,2015.050049,1834.754639,3091165
22-03-2019,2015,2016,1983.300049,2005.650024,1826.195801,3148149
25-03-2019,2007.800049,2007.800049,1977.199951,1984.25,1806.710327,2429205
26-03-2019,1984,1994.949951,1958.050049,1982.650024,1805.253662,2316539
27-03-2019,1994,1998,1961,1967.900024,1791.823242,2266166
28-03-2019,1980,2014.599976,1972.800049,2000.300049,1821.324463,4054489
01-04-2019,2010,2039.949951,2008.25,2031.650024,1849.869507,2095740
02-04-2019,2037.099976,2086,2037,2079.300049,1893.255615,3719663
03-04-2019,2085,2089.600098,2058.100098,2079.300049,1893.255615,2939886
04-04-2019,2078.149902,2079.699951,2007.400024,2014.5,1834.253662,4397518
05-04-2019,2028.650024,2054.399902,2018.800049,2048.300049,1865.029541,3152103
08-04-2019,2059,2075,2032.699951,2070.75,1885.470825,2194294
09-04-2019,2070,2098,2057.649902,2091.5,1904.364136,2690970
10-04-2019,2083,2085.5,2036,2040.25,1857.699829,3313062
11-04-2019,2045,2055,2013.650024,2019.5,1838.806396,3422442
12-04-2019,2038,2039,2007,2014.5,1834.253662,3198471
15-04-2019,2070,2119.800049,2041,2113.300049,1924.213867,9189201
16-04-2019,2120,2155.949951,2115.550049,2131.800049,1941.058716,5771952
18-04-2019,2149.899902,2155,2114.199951,2150.050049,1957.675903,3413728
22-04-2019,2148,2176,2145.600098,2161.449951,1968.055664,2007135
23-04-2019,2163,2165.5,2134.050049,2155.050049,1962.228638,2163524
24-04-2019,2158,2195,2156.100098,2183.449951,1988.08667,3003071
25-04-2019,2175,2205,2168.050049,2195,1998.604004,4211526
26-04-2019,2203,2243.949951,2193.149902,2238.550049,2038.256836,2716958
30-04-2019,2238.550049,2266.949951,2230.100098,2260.350098,2058.106934,3488395
02-05-2019,2255,2259.399902,2211.100098,2215.399902,2017.178223,2457699
03-05-2019,2185,2186.050049,2125,2132,1941.240967,3780886
06-05-2019,2110,2165,2108.5,2157.850098,1964.778198,2891422
07-05-2019,2160.050049,2184.350098,2138.800049,2151.949951,1959.405762,2201698
08-05-2019,2151,2168,2130.399902,2152.850098,1960.22522,1824895
09-05-2019,2145,2184.100098,2136.100098,2172.550049,1978.162476,2264162
10-05-2019,2175,2192,2125.850098,2135.800049,1944.700684,2039633
13-05-2019,2133,2167,2121.649902,2128.75,1938.281494,1701744
14-05-2019,2135,2159.800049,2072.350098,2092.350098,1905.138306,2456110
15-05-2019,2097,2124,2084.5,2095.399902,1907.915283,2346876
16-05-2019,2096,2124,2077.050049,2108.75,1920.070801,1946529
17-05-2019,2112.600098,2135,2090,2095.449951,1907.960938,1947908
20-05-2019,2125,2151.399902,2050,2143.949951,1952.12146,2625116
21-05-2019,2148.050049,2148.699951,2102.550049,2109.75,1920.980957,1863157
22-05-2019,2110,2121.949951,2075,2081.75,1895.486816,2595795
23-05-2019,2098,2115.350098,2050,2054.050049,1870.265137,2541294
24-05-2019,2070,2070,2032.25,2048,1864.756592,2274208
27-05-2019,2054.800049,2068.949951,2040.099976,2055.149902,1871.266724,2329820
28-05-2019,2060,2097.5,2045,2073.75,1888.202759,5872979
29-05-2019,2080,2123.699951,2077.100098,2107.550049,1918.978271,3281320
30-05-2019,2123,2156.550049,2114.399902,2146.300049,1954.261475,4971725
31-05-2019,2160,2204.949951,2152.25,2196.550049,2000.015015,4265370
03-06-2019,2201,2247.649902,2185.649902,2242.300049,2041.671265,3682419
04-06-2019,2224,2224,2175,2183.100098,2003.854004,2408658
06-06-2019,2199,2199,2152,2166.100098,1988.250732,3735467
07-06-2019,2174,2189.800049,2142.100098,2181.75,2002.615723,2659446
10-06-2019,2196.699951,2235.850098,2185.5,2231.5,2048.280518,2080593
11-06-2019,2237,2263.949951,2231,2252.800049,2067.831299,3048937
12-06-2019,2245,2266.899902,2219,2260.899902,2075.266357,2404448
13-06-2019,2264,2285,2243.050049,2254.100098,2069.025391,3320916
14-06-2019,2257.25,2263.100098,2234,2254.5,2069.39209,2131408
17-06-2019,2256,2262,2241.449951,2249.199951,2064.526855,1489497
18-06-2019,2244,2260,2231.199951,2250.850098,2066.041748,1877447
19-06-2019,2255,2276,2243.149902,2259.899902,2074.349121,1652817
20-06-2019,2230,2284,2212,2277.949951,2090.916992,2199377
21-06-2019,2285,2292.5,2242,2249.850098,2065.124023,3871804
24-06-2019,2254.149902,2280,2250.800049,2275.5,2088.667236,1382424
25-06-2019,2270,2274.449951,2250.5,2267.800049,2081.600098,1386077
26-06-2019,2265,2266.800049,2250,2254.199951,2069.116943,1762224
27-06-2019,2255,2264,2241.300049,2252.550049,2067.602295,2813464
28-06-2019,2260,2261.949951,2222.5,2227.199951,2044.333496,2372928
01-07-2019,2235,2255,2206.600098,2239.550049,2055.669434,2769940
02-07-2019,2244.899902,2257,2216.449951,2252.100098,2067.188965,1771746
03-07-2019,2252.199951,2258.800049,2232,2237.649902,2053.925293,1656881
04-07-2019,2234,2252,2230.100098,2242.649902,2058.514893,984140
05-07-2019,2247,2250,2140,2163.100098,1985.496582,4088470
08-07-2019,2149,2188.800049,2132.100098,2175.399902,1996.786743,2788062
09-07-2019,2174,2174.399902,2104.550049,2133.350098,1958.188599,3977224
10-07-2019,2080,2127.850098,2071.300049,2108.199951,1935.104126,6343581
11-07-2019,2128,2129,2086.050049,2102.550049,1929.918091,2400346
12-07-2019,2102.100098,2119.75,2093.100098,2107.600098,1934.553467,1560725
15-07-2019,2125,2153.600098,2098,2145.699951,1969.524902,2900415
16-07-2019,2126,2132.5,2100,2106,1937.599976,2735399
17-07-2019,2108,2125,2092.100098,2117.25,1947.950317,1802969
18-07-2019,2116.199951,2116.199951,2060,2065.949951,1900.752197,3072096
19-07-2019,2077,2097,2062.5,2076.949951,1910.872559,1953177
22-07-2019,2077,2117.449951,2068.800049,2109.899902,1941.187744,1920167
23-07-2019,2127.899902,2130,2102.399902,2112.449951,1943.533936,3538588
24-07-2019,2110,2120.800049,2076.5,2096.800049,1929.13562,2413196
25-07-2019,2108.899902,2135,2092.550049,2127.899902,1957.748291,2544464
26-07-2019,2129.800049,2129.800049,2095,2109.050049,1940.406128,1720592
29-07-2019,2110.800049,2142,2103.300049,2130,1959.680908,1647090
30-07-2019,2130,2185,2120.449951,2179.149902,2004.900391,2851672
31-07-2019,2171.75,2211.699951,2147.149902,2205.699951,2029.327759,3000677
01-08-2019,2200,2217.5,2166.25,2180.050049,2005.728394,2375236
02-08-2019,2173,2210,2165.5,2205.300049,2028.959839,2500816
05-08-2019,2199.899902,2252.25,2195.600098,2248.600098,2068.797363,3039682
06-08-2019,2232.800049,2251.949951,2211.449951,2214.899902,2037.792236,2885467
07-08-2019,2230,2238.5,2207.25,2213.449951,2036.457764,2165362
08-08-2019,2228.899902,2281,2218.899902,2258.100098,2077.537354,2073298
09-08-2019,2260,2267.899902,2241.350098,2246.25,2066.635254,1744550
13-08-2019,2245,2246.25,2194.300049,2199.449951,2023.577271,1647281
14-08-2019,2181.100098,2217.850098,2167.399902,2204.399902,2028.131714,1945002
16-08-2019,2241.399902,2241.399902,2143.25,2165.100098,1991.973999,3755507
19-08-2019,2180,2186,2157.699951,2163,1990.042114,974884
20-08-2019,2172,2205,2166.5,2186.75,2011.892944,1843611
21-08-2019,2184.949951,2202,2182.25,2186.199951,2011.386963,1214408
22-08-2019,2187,2235.649902,2170,2216,2038.804199,2131601
23-08-2019,2214.949951,2259.899902,2213.899902,2247.699951,2067.969727,2826425
26-08-2019,2247,2282,2225,2276.300049,2094.281982,2345475
27-08-2019,2270,2274.850098,2229,2236.5,2057.665039,3432106
28-08-2019,2240,2252.149902,2216,2239.25,2060.194824,1294621
29-08-2019,2222.199951,2248.199951,2222.199951,2233.449951,2054.858887,1670652
30-08-2019,2241,2266,2218,2259.600098,2078.917725,2583625
03-09-2019,2270,2296.199951,2236.949951,2251.600098,2071.557617,2545060
04-09-2019,2265,2270,2233,2245.399902,2065.853516,2228092
05-09-2019,2242.199951,2253.649902,2207.300049,2215.300049,2038.160156,2055943
06-09-2019,2216,2233.5,2192.600098,2197.5,2021.783325,1890550
09-09-2019,2200,2202.850098,2179.800049,2182.850098,2008.304688,1703945
11-09-2019,2186,2195,2146.550049,2154,1981.761963,2627440
12-09-2019,2155,2165,2120.350098,2133.600098,1962.993042,2118859
13-09-2019,2135,2157.949951,2115.550049,2141.949951,1970.675293,2291174
16-09-2019,2159.949951,2173.399902,2126.399902,2150,1978.081543,2597948
17-09-2019,2154.949951,2156.550049,2105.600098,2122.649902,1952.918335,2796530
18-09-2019,2126.399902,2142.949951,2113.149902,2138.550049,1967.547119,1454663
19-09-2019,2135,2135.800049,2091,2101.949951,1933.873901,1652691
20-09-2019,2104.899902,2129.399902,2057,2065.449951,1900.292114,6941979
23-09-2019,2099,2099,1975,2015.800049,1854.612427,6323401
24-09-2019,2015,2061,2013,2044.699951,1881.201416,4620978
25-09-2019,2065,2092,2060.050049,2088.449951,1921.453003,4002232
26-09-2019,2097.899902,2107,2063,2087.600098,1920.671143,4234281
27-09-2019,2085,2085.199951,2051.399902,2056.149902,1891.735718,2046795
30-09-2019,2061.850098,2104,2060,2099.300049,1931.435669,2620039
01-10-2019,2095.949951,2095.949951,2039.699951,2059.949951,1895.231934,3342877
03-10-2019,2070,2081.149902,2046.150024,2060.25,1895.507935,2317618
04-10-2019,2060.600098,2087.949951,2054.949951,2079.350098,1913.080933,2163251
07-10-2019,2080,2094.5,2041,2047.699951,1883.961548,2177916
09-10-2019,2060,2060,2015.5,2020.099976,1858.568481,2066920
10-10-2019,2028,2039.050049,1997.099976,2004.449951,1844.170166,2881452
11-10-2019,1931,1995,1925,1986.849976,1827.977295,12593069
14-10-2019,1995,2032.75,1968,2021,1859.396606,3510704
15-10-2019,2032,2047,2022.699951,2037.300049,1874.393188,2261310
16-10-2019,2038,2056,2016,2046.400024,1882.765625,3034082
17-10-2019,2014,2038,1999.300049,2030.949951,1905.802979,3818774
18-10-2019,2037.5,2063.899902,2025,2057.350098,1930.576538,3087901
22-10-2019,2080,2111.5,2040.050049,2051.399902,1924.992554,5552505
23-10-2019,2060,2083.850098,2052.5,2070.100098,1942.540283,2348134
24-10-2019,2084,2099,2061.300049,2082,1953.706909,2798671
25-10-2019,2094,2130,2075.050049,2124.949951,1994.010376,3954245
27-10-2019,2129,2129,2108.800049,2115.699951,1985.330322,224405
29-10-2019,2121.5,2201.699951,2121.5,2194.850098,2059.603516,5064173
30-10-2019,2225,2260,2176.850098,2252.800049,2113.982178,5195136
31-10-2019,2250,2284.949951,2237,2269.649902,2129.793945,4879261
01-11-2019,2264,2275,2195,2200.899902,2065.280762,4172620
04-11-2019,2207,2229.199951,2180.899902,2193.949951,2058.758789,2646411
05-11-2019,2197,2211,2169,2201.850098,2066.171875,2693475
06-11-2019,2200,2210.800049,2179,2188.5,2053.644775,2540719
07-11-2019,2204.5,2204.5,2175.199951,2185.350098,2050.688965,1915598
08-11-2019,2189.600098,2189.600098,2124,2129.949951,1998.702515,2788759
11-11-2019,2135,2139,2091,2100.949951,1971.489258,2983768
13-11-2019,2118,2183.800049,2118,2178.600098,2044.354736,3823365
14-11-2019,2187.5,2200,2146.699951,2196.800049,2061.43335,2995915
15-11-2019,2196,2211.5,2168.75,2174.449951,2040.460449,2724180
18-11-2019,2178.399902,2187.75,2148.75,2152.600098,2019.956421,1611089
19-11-2019,2153,2154.649902,2105,2108.800049,1978.855713,2975313
20-11-2019,2121.949951,2135,2094.5,2108.550049,1978.621094,2894129
21-11-2019,2112,2126.600098,2107.399902,2118.100098,1987.582642,2052574
22-11-2019,2097,2107,2060.5,2071.699951,1944.041748,3742049
25-11-2019,2074.550049,2084.949951,2052.199951,2081.5,1953.237793,2737010
26-11-2019,2089.850098,2097.899902,2035.050049,2046.650024,1920.5354,6561580
27-11-2019,2052,2071.699951,2046.550049,2054.300049,1927.714355,2907521
28-11-2019,2067.050049,2094.399902,2060,2077.350098,1949.343872,2924429
29-11-2019,2085,2085,2045.800049,2053.25,1926.72876,2064271
02-12-2019,2060,2067.699951,2016,2021.050049,1896.512817,3809860
03-12-2019,2027.699951,2062,2010,2051,1924.61731,4664774
04-12-2019,2053,2082,2045.5,2078.5,1950.422852,3334301
05-12-2019,2083,2126.800049,2068.350098,2121.300049,1990.585571,3902721
06-12-2019,2124,2128,2101,2123.600098,1992.743774,1829461
09-12-2019,2127.949951,2127.949951,2053.5,2060.449951,1933.484985,2244747
10-12-2019,2060,2060.850098,2003.25,2012.849976,1888.817993,4520045
11-12-2019,2025.400024,2048,2006.75,2041.900024,1916.078125,4943024
12-12-2019,2051.100098,2083.649902,1984,2020.900024,1896.371948,7137306
13-12-2019,2023,2077.399902,2007,2071.25,1943.619629,5711133
16-12-2019,2096,2136,2080.300049,2126.75,1995.699463,5574177
17-12-2019,2126.5,2169,2119,2164.949951,2031.54541,6059673
18-12-2019,2174,2203.449951,2153,2167.75,2034.173218,8251081
19-12-2019,2179.800049,2236.5,2167.550049,2229.050049,2091.695801,6251505
20-12-2019,2220,2246.699951,2208.25,2222.899902,2085.924561,5548338
23-12-2019,2210,2241.949951,2210,2231.699951,2094.182617,2247329
24-12-2019,2239,2243.550049,2211.149902,2215.600098,2079.074707,1805896
26-12-2019,2216.399902,2229,2195.199951,2201.949951,2066.266113,1880367
27-12-2019,2208,2226.399902,2176,2198.5,2063.027832,2720261
30-12-2019,2207,2225,2177.100098,2183.199951,2048.670898,2288830
31-12-2019,2189,2197,2157.449951,2161.699951,2028.49585,1909289
01-01-2020,2168,2183.899902,2154,2167.600098,2034.032593,1354908
02-01-2020,2179.949951,2179.949951,2149.199951,2157.649902,2024.694946,2380752
03-01-2020,2164,2223,2164,2200.649902,2065.045898,4655761
06-01-2020,2205,2225.949951,2187.899902,2200.449951,2064.858154,3023209
07-01-2020,2200.5,2214.649902,2183.800049,2205.850098,2069.925537,2429317
08-01-2020,2205,2260,2202.050049,2255.25,2116.28125,5197454
09-01-2020,2248.75,2251.949951,2210,2214.350098,2077.901855,3734173
10-01-2020,2228,2234,2208,2213.550049,2077.151123,1915807
13-01-2020,2217.850098,2218.949951,2184.699951,2190.350098,2055.380615,2843893
14-01-2020,2195,2229.800049,2195,2206.899902,2070.911133,2948452
15-01-2020,2213,2231,2194.199951,2226.899902,2089.678223,2620681
16-01-2020,2226.949951,2249,2215,2238.800049,2100.844971,3117214
17-01-2020,2240.75,2253.550049,2213,2219.100098,2082.358887,3281059
20-01-2020,2194.899902,2242.199951,2156.199951,2170.350098,2036.612793,5817599
21-01-2020,2169.949951,2186.550049,2158.050049,2171.050049,2037.269775,1902980
22-01-2020,2181,2210,2173.699951,2206.899902,2070.911133,1773686
23-01-2020,2209.800049,2217.75,2183.699951,2190.949951,2060.612305,2069866
24-01-2020,2190.949951,2190.949951,2170,2183.399902,2053.510986,1319430
27-01-2020,2189.699951,2193.449951,2165,2169.25,2040.203125,1549101
28-01-2020,2174,2187.800049,2152,2183.75,2053.840576,1743024
29-01-2020,2185,2186.949951,2150,2154.600098,2026.424561,2306761
30-01-2020,2160,2165,2125,2137.850098,2010.671143,2098567
31-01-2020,2139.399902,2144.350098,2071.600098,2079.050049,1955.368774,3287223
03-02-2020,2152,2194.699951,2093.199951,2102.5,1977.42395,4728073
04-02-2020,2129,2136.699951,2086.600098,2107.75,1982.361938,3509339
05-02-2020,2115,2156.699951,2104.300049,2146.550049,2018.853638,2439322
06-02-2020,2145,2174.199951,2115.5,2128.350098,2001.736084,2640065
07-02-2020,2139,2151,2119,2136.550049,2009.44812,2083442
10-02-2020,2140.899902,2167,2119,2161.949951,2033.337402,2383032
11-02-2020,2163,2174.800049,2147.600098,2153.399902,2025.296143,1335820
12-02-2020,2151.100098,2185,2150,2170.75,2041.613403,1620407
13-02-2020,2172.949951,2197,2171,2191.949951,2061.55249,1645948
14-02-2020,2188,2212,2171,2184.199951,2054.263672,1500115
17-02-2020,2196.949951,2217,2190.199951,2203.25,2072.18042,1774724
18-02-2020,2199.949951,2221,2186.050049,2215.75,2083.937256,2486223
19-02-2020,2215.75,2230,2190.5,2196.350098,2065.690918,1760463
20-02-2020,2204.5,2214.399902,2151.25,2156.800049,2028.493652,2317278
24-02-2020,2156,2178.949951,2106.699951,2115.350098,1989.509644,3092877
25-02-2020,2115.5,2176.649902,2111,2156.149902,2027.882446,2674567
26-02-2020,2154,2163.899902,2112.949951,2123.600098,1997.268921,2686842
27-02-2020,2119.949951,2119.949951,2086.199951,2105.5,1980.245605,2349001
28-02-2020,2068,2069.5,1990,2000.150024,1881.16272,4298076
02-03-2020,2035,2053.949951,1985.699951,2001.300049,1882.244507,2667076
03-03-2020,2020,2060,2012,2036.199951,1915.067993,2757585
04-03-2020,2056,2094.449951,2025,2083.199951,1959.271973,3237002
05-03-2020,2085.699951,2147.75,2084.050049,2125.050049,1998.632813,3937056
06-03-2020,2098,2123.649902,2071.600098,2116.449951,1990.544312,2595027
09-03-2020,2075,2079.899902,1935,1972.349976,1855.016602,4940975
11-03-2020,1933,1987.300049,1920,1953.699951,1837.475952,6796449
12-03-2020,1904,1908.400024,1758.349976,1769.849976,1664.563232,8728786
13-03-2020,1687.900024,1820,1506.050049,1806.300049,1698.844727,8029720
16-03-2020,1755,1842.25,1675.849976,1696.400024,1595.482544,7844271
17-03-2020,1730,1731,1623.150024,1658,1559.366943,5713248
18-03-2020,1676.800049,1713.550049,1627.75,1654.400024,1555.980957,7258778
19-03-2020,1559.699951,1685.449951,1546.75,1636.349976,1550.249512,5135111
20-03-2020,1630,1869,1627,1797.449951,1702.872803,8547498
23-03-2020,1620,1750,1617.75,1669.699951,1581.844482,7003490
24-03-2020,1653.050049,1770,1632.849976,1703.150024,1613.534546,6350865
25-03-2020,1700,1810,1680,1750.300049,1658.203613,2765520
26-03-2020,1831.599976,1832.050049,1722.550049,1790.949951,1696.714844,4556067
27-03-2020,1820,1850,1750.400024,1824.5,1728.49939,4331250
30-03-2020,1766,1905,1763.550049,1778.5,1684.920044,8513547
31-03-2020,1837.400024,1855,1780,1826.099976,1730.015381,3927593
01-04-2020,1825.900024,1834.75,1702,1708.75,1618.839966,4941878
03-04-2020,1740,1740,1650,1654.199951,1567.160278,5735369
07-04-2020,1710,1785.849976,1705,1775.199951,1681.793457,5427577
08-04-2020,1760,1806,1701,1705.449951,1615.713745,6285615
09-04-2020,1750.449951,1778.800049,1731.199951,1766.150024,1673.219971,5307397
13-04-2020,1761,1787,1746,1759.25,1666.682739,2990438
15-04-2020,1785,1812,1727.800049,1735.150024,1643.850708,4761399
16-04-2020,1709.949951,1764.900024,1675.050049,1716.050049,1625.755981,6245533
17-04-2020,1800,1851.949951,1753,1806.199951,1711.162354,9895823
20-04-2020,1830,1830,1802.5,1818.650024,1722.957397,3244282
21-04-2020,1765,1794.599976,1727.699951,1737.650024,1646.219116,5122541
22-04-2020,1737.650024,1790,1719.150024,1769.5,1676.393555,3829836
23-04-2020,1780,1900,1760.849976,1878.25,1779.421265,5934366
24-04-2020,1840.699951,1851.949951,1807.800049,1818.550049,1722.862793,2987102
27-04-2020,1832.300049,1875,1825,1836.599976,1739.962646,3374741
28-04-2020,1865,1868,1832.599976,1859.050049,1761.231567,2678505
29-04-2020,1874,1912.550049,1850.050049,1905.650024,1805.379639,4241510
30-04-2020,1980,2032,1942.199951,2014.449951,1908.454712,5915544
04-05-2020,1966,1966,1913.650024,1930.449951,1828.874634,3729348
05-05-2020,1955.099976,1977,1927,1932.75,1831.053589,2905528
06-05-2020,1939.800049,1953.699951,1893.599976,1903.599976,1803.437378,3517431
07-05-2020,1910,1934.449951,1883.349976,1891.650024,1792.116333,3166754
08-05-2020,1939.099976,1939.5,1886.25,1893.400024,1793.774292,2686530
11-05-2020,1909,1951.400024,1909,1935.300049,1833.469482,2449841
12-05-2020,1933.400024,1956.5,1910.25,1949.5,1846.922241,3256595
13-05-2020,1994,1994,1925.650024,1949.650024,1847.064331,2656665
14-05-2020,1910,1923.099976,1891.099976,1902.349976,1802.253296,2263146
15-05-2020,1916,1917.400024,1865.199951,1892.900024,1793.300293,3173682
18-05-2020,1907,1952.949951,1872.099976,1945.599976,1843.227417,3727694
19-05-2020,1903,1966.449951,1903,1948.650024,1846.117188,3198693
20-05-2020,1950,1962.900024,1931.699951,1953.599976,1850.806519,2778505
21-05-2020,1946,1998,1941.150024,1991.199951,1886.428223,3400908
22-05-2020,1977.099976,2032,1961.25,2020.349976,1914.044556,3663418
26-05-2020,2015,2024,1925,1943,1840.764282,4575317
27-05-2020,1959,2010,1941.25,2005.300049,1899.786255,3482160
28-05-2020,1988.5,2014,1971.300049,2004.300049,1898.839111,3475681
29-05-2020,1982,2002.650024,1962.400024,1972.349976,1868.570068,7237735
01-06-2020,1990,2060,1981.099976,2045.25,1937.634033,3747773
02-06-2020,2060.199951,2081,2040.050049,2047.150024,1939.434082,2443886
03-06-2020,2051.850098,2063.75,2020,2046.150024,1944.185181,3699799
04-06-2020,2046.75,2100,2046.75,2091.550049,1987.32251,4048593
05-06-2020,2091.600098,2098,2040.300049,2048.25,1946.18042,3573289
08-06-2020,2078.25,2095,2062.100098,2071.75,1968.509277,2957841
09-06-2020,2063.100098,2095.5,2060.25,2072.050049,1968.794189,2909439
10-06-2020,2077.050049,2132,2073.5,2108.75,2003.665527,5168397
11-06-2020,2100,2105,2061.800049,2067.649902,1964.613647,2269513
12-06-2020,2011.199951,2049.199951,2011,2039.5,1937.866333,2842642
15-06-2020,2039.099976,2059,2000.949951,2029.900024,1928.744873,2399022
16-06-2020,2065,2073.949951,2031,2045.800049,1943.852661,2146528
17-06-2020,2046,2058.850098,2026.550049,2047.800049,1945.752808,2703527
18-06-2020,2045,2059.199951,2025.199951,2038.099976,1936.536255,1944389
19-06-2020,2042,2090,2032,2044.599976,1942.712158,5681758
22-06-2020,2050,2052.25,2019.150024,2027.949951,1926.89209,3196138
23-06-2020,2027,2044,2010,2035.300049,1933.875732,4205944
24-06-2020,2034,2064.25,2031.599976,2042.199951,1940.432007,2560937
25-06-2020,2035,2060,2009.25,2016.099976,1915.632568,3043931
26-06-2020,2025,2132,2019.949951,2118.850098,2013.262329,6300722
29-06-2020,2108,2127.600098,2091.300049,2101.649902,1996.919189,3076341
30-06-2020,2100,2111.899902,2075.050049,2082.149902,1978.391113,3071725
01-07-2020,2079.699951,2113.949951,2079.5,2092.050049,1987.797729,2503466
02-07-2020,2102,2165,2098,2157.149902,2049.653564,3758699
03-07-2020,2163.649902,2205,2160.25,2199.649902,2090.035889,4185208
06-07-2020,2205,2269.899902,2205,2263.199951,2150.418701,5190366
07-07-2020,2275,2302.699951,2232.149902,2269.899902,2156.785156,5630055
08-07-2020,2270,2274.399902,2207.600098,2218.899902,2108.326172,2793358
09-07-2020,2229,2244.5,2191.050049,2204.350098,2094.501465,3443998
10-07-2020,2205.25,2249.850098,2176,2222.350098,2111.604492,9610320
13-07-2020,2220,2244.949951,2210,2220,2109.37207,2963503
14-07-2020,2210,2239,2165,2171.949951,2063.716309,2976738
15-07-2020,2185,2260,2181.100098,2233.899902,2122.578613,5569321
16-07-2020,2244,2333,2220.100098,2234.75,2128.149658,8582118
17-07-2020,2237,2243.899902,2190.050049,2200.75,2095.771729,4509135
20-07-2020,2201,2226.899902,2190.800049,2207.899902,2102.580566,2952646
21-07-2020,2230,2238.649902,2201.149902,2225.050049,2118.912598,2665286
22-07-2020,2231,2231,2184.199951,2190.949951,2086.439209,2861534
23-07-2020,2190.949951,2190.949951,2163,2171.199951,2067.631348,2265766
24-07-2020,2154.5,2163,2125.100098,2157.399902,2054.489746,3665100
27-07-2020,2165,2215,2163.5,2206.800049,2101.532959,4248480
28-07-2020,2215,2320,2215,2309.75,2199.57251,8092319
29-07-2020,2292,2342,2246.050049,2276.050049,2167.47998,6090431
30-07-2020,2285.899902,2358,2272.25,2279.5,2170.764893,7098496
31-07-2020,2303.149902,2334.800049,2257.449951,2281.399902,2172.574707,4723290
03-08-2020,2290.449951,2303.850098,2230.699951,2254.149902,2146.624756,4012337
04-08-2020,2259.949951,2269.649902,2225.050049,2249.699951,2142.386719,2927928
05-08-2020,2260,2300,2253,2259.5,2151.719482,3800641
06-08-2020,2275,2319.5,2265.350098,2308.100098,2198.001221,4748047
07-08-2020,2308,2328,2287,2295.350098,2185.859131,3165491
10-08-2020,2318,2325,2276.050049,2282.800049,2173.908203,2929353
11-08-2020,2283,2312,2275.600098,2279.899902,2171.145996,2774423
12-08-2020,2288.350098,2296.399902,2246.550049,2257.350098,2149.672119,3415751
13-08-2020,2273,2300,2250.5,2254.449951,2146.9104,2695682
14-08-2020,2277,2281.300049,2233.100098,2242.149902,2135.196777,2270405
17-08-2020,2263,2270,2238.25,2253.399902,2145.910156,2625630
18-08-2020,2262.800049,2289,2248.300049,2269.75,2161.480225,3493374
19-08-2020,2276.350098,2284.600098,2252.5,2256.600098,2148.957764,2843005
20-08-2020,2257,2276.550049,2240.050049,2252.850098,2145.386475,2895164
21-08-2020,2260,2271,2241.050049,2248.600098,2141.339111,1975294
24-08-2020,2250.600098,2259.949951,2230,2248.100098,2140.863037,2167966
25-08-2020,2245,2250,2233.550049,2242.649902,2135.672852,1663419
26-08-2020,2242,2259.899902,2216.449951,2253.5,2146.005371,2618149
27-08-2020,2266,2287.350098,2241.75,2248.399902,2141.148438,3579393
28-08-2020,2268.399902,2279.949951,2235.100098,2238.550049,2131.768555,2941136
31-08-2020,2240,2276.199951,2228,2257.25,2149.576416,6018154
01-09-2020,2269,2278,2241.300049,2246.350098,2139.196777,3610908
02-09-2020,2247,2268.75,2241.649902,2265.149902,2157.099854,2084137
03-09-2020,2268,2324,2268,2299.5,2189.811279,4654146
04-09-2020,2275,2324.25,2262.949951,2288.800049,2179.621826,5231303
07-09-2020,2289,2343.5,2283.350098,2327.050049,2216.046875,4620401
08-09-2020,2335.949951,2390.449951,2327.050049,2348.199951,2236.187744,7453998
09-09-2020,2325,2359,2320,2327.649902,2216.618408,3866535
10-09-2020,2335,2348.5,2324.300049,2331.149902,2219.951416,2308813
11-09-2020,2330.949951,2383,2330.149902,2374.100098,2260.852783,4145424
14-09-2020,2384.100098,2505.75,2381.850098,2491.399902,2372.557129,7512131
15-09-2020,2491.399902,2538,2464.600098,2491.399902,2372.557129,7318770
16-09-2020,2488.949951,2507.600098,2477.300049,2503,2383.604004,3074003
17-09-2020,2480,2495.75,2450.600098,2460.949951,2343.560059,4828176
18-09-2020,2485,2500.399902,2436.399902,2449.899902,2333.037109,4183256
21-09-2020,2465,2504.899902,2452.149902,2465.300049,2347.702637,4598809
22-09-2020,2485,2555,2458,2522.949951,2402.602295,7499613
23-09-2020,2510,2519.850098,2409,2467.449951,2349.749756,7502280
24-09-2020,2450,2450,2302.600098,2332.25,2220.998779,8424708
25-09-2020,2368,2440,2352.100098,2422.300049,2306.753906,8228267
28-09-2020,2440,2444,2366,2426.300049,2310.562988,4347166
29-09-2020,2434.850098,2511.050049,2426.300049,2488.399902,2369.699707,6995811
30-09-2020,2489,2505,2460,2492.300049,2373.414551,3917166
01-10-2020,2510,2540,2492.300049,2523.449951,2403.078125,2610337
05-10-2020,2620,2728.100098,2603.050049,2705.800049,2576.730225,17412105
06-10-2020,2736,2736,2650.100098,2714.300049,2584.824951,9846367
07-10-2020,2742,2770,2703,2735.949951,2605.44165,9656101
08-10-2020,2800,2885,2800,2825.699951,2690.911133,19839329
09-10-2020,2810,2829.850098,2780,2812.949951,2678.769043,7739245
12-10-2020,2815.5,2854,2800.75,2830,2695.005859,4623203
13-10-2020,2845,2854.899902,2812.199951,2826.550049,2691.720215,4209878
14-10-2020,2842,2842,2787.550049,2809.600098,2686.986816,4395936
15-10-2020,2811,2827.75,2727,2740.600098,2620.997559,6629355
16-10-2020,2750.100098,2771.649902,2731.300049,2763.300049,2642.707031,5273773
19-10-2020,2774,2774,2706.600098,2711.550049,2593.215576,3331194
20-10-2020,2725,2759.899902,2717.949951,2739,2619.467285,3406273
21-10-2020,2739,2749,2663.050049,2675.399902,2558.643311,4570143
22-10-2020,2661,2686.649902,2638.100098,2671.149902,2554.578369,5262294
23-10-2020,2687.800049,2702,2670.100098,2686.800049,2569.545166,3499091
26-10-2020,2689.949951,2709.949951,2670.5,2688.199951,2570.884521,2672752
27-10-2020,2699.75,2718.149902,2624.100098,2630.149902,2515.367432,3537502
28-10-2020,2650,2655.949951,2606,2622.199951,2507.764893,3569445
29-10-2020,2608,2655,2600.25,2632.649902,2517.758545,3105968
30-10-2020,2636.100098,2674.350098,2621.600098,2664.850098,2548.553467,3427003
02-11-2020,2660,2664.850098,2600.050049,2604.600098,2490.932861,2571196
03-11-2020,2604,2665,2601.050049,2633.600098,2518.666992,2879269
04-11-2020,2610,2721.850098,2610,2653.149902,2537.364014,4893928
05-11-2020,2685,2710,2667,2685.699951,2568.493408,2816502
06-11-2020,2699,2713.25,2681.300049,2707.449951,2589.294189,3884421
09-11-2020,2731.100098,2744,2695.100098,2726.600098,2607.608643,3646592
10-11-2020,2697.199951,2713.149902,2638.350098,2649.600098,2533.968994,4760020
11-11-2020,2667.949951,2692.800049,2643.399902,2687.800049,2570.501953,3242441
12-11-2020,2686,2713,2661.75,2671.050049,2554.482666,2437505
13-11-2020,2655.75,2664.899902,2636,2656.850098,2540.902344,2548093
14-11-2020,2677.949951,2689,2660.050049,2670.350098,2553.813232,298819
17-11-2020,2695,2695,2650.050049,2666.050049,2549.700928,2827273
18-11-2020,2661,2664.199951,2607.050049,2626.649902,2512.020508,2893762
19-11-2020,2637,2676.149902,2630.850098,2636.899902,2521.822998,4167501
20-11-2020,2655,2676,2627.550049,2660.25,2544.154297,2711471
23-11-2020,2690,2730,2665,2724.25,2605.36084,3706418
24-11-2020,2734.399902,2743,2705,2722.050049,2603.257568,3120516
25-11-2020,2729,2732.949951,2688.199951,2701.300049,2583.412109,3302249
26-11-2020,2686,2730.949951,2680,2720.600098,2601.87085,2341099
27-11-2020,2705,2717.699951,2669.050049,2679.649902,2562.70752,6086808
01-12-2020,2679,2735.899902,2624.449951,2726.800049,2607.799805,3605017
02-12-2020,2719,2754.699951,2702.449951,2749.550049,2629.557373,2509032
03-12-2020,2773.899902,2773.899902,2700.800049,2709.449951,2591.206543,2852548
04-12-2020,2710.800049,2738.850098,2699,2727.550049,2608.51709,2686527
07-12-2020,2715,2744,2706.149902,2737.699951,2618.223877,1996400
08-12-2020,2740,2805.550049,2732.449951,2797.300049,2675.223145,4277818
09-12-2020,2815,2840,2793.149902,2810.800049,2688.133789,3659996
10-12-2020,2818,2827.300049,2780.25,2784.300049,2662.790283,2127801
11-12-2020,2792.699951,2807.699951,2764.550049,2783.600098,2662.12085,1795408
14-12-2020,2802,2804,2756.25,2797.699951,2675.605469,2483658
15-12-2020,2786,2794.699951,2755,2761.550049,2641.033203,2365509
16-12-2020,2779,2819.800049,2760.449951,2814.199951,2691.385498,2565149
17-12-2020,2811,2853.699951,2805,2838.199951,2714.337891,2863460
18-12-2020,2868,2898,2846.199951,2861,2736.143066,6076692
21-12-2020,2861,2886.5,2785,2820.149902,2697.075684,2705195
22-12-2020,2834,2883.649902,2818.649902,2872.5,2747.141113,2881737
23-12-2020,2876.050049,2919,2865.449951,2908.75,2781.809326,2790988
24-12-2020,2909,2921.350098,2883.199951,2909.350098,2782.383057,1807144
28-12-2020,2910,2949.699951,2902,2929.399902,2801.558105,2108994
29-12-2020,2920,2952,2920,2930.5,2802.610352,1994151
30-12-2020,2934.399902,2947.699951,2902,2909.300049,2782.335449,2637968
31-12-2020,2900,2905,2845,2862.75,2737.817139,4040956
01-01-2021,2880,2940,2879,2928.25,2800.458252,2681440
04-01-2021,2950,3050.75,2940.949951,3039.449951,2906.80542,5113293
05-01-2021,3039.600098,3114.25,3039.600098,3093,2958.019043,5801309
06-01-2021,3100,3113.5,3037.199951,3051.5,2918.32959,3726716
07-01-2021,3075,3080.850098,3000.25,3032.800049,2900.445801,3717827
08-01-2021,3090,3128,3060,3120.899902,2984.701172,5879039
11-01-2021,3230,3230,3146.550049,3176.449951,3037.826416,9508039
12-01-2021,3176.449951,3210,3150,3174.850098,3036.296387,3611458
13-01-2021,3175,3177,3126.25,3158.949951,3021.090088,3572801
14-01-2021,3155,3266.5,3120.399902,3250.699951,3114.752441,6931542
15-01-2021,3235,3274,3210,3233.350098,3098.128174,4131692
18-01-2021,3250,3256.75,3187.399902,3221.75,3087.013184,4160906
19-01-2021,3233,3279,3232,3260.699951,3124.333984,2975735
20-01-2021,3270,3327.949951,3267.100098,3308.800049,3170.422607,3453446
21-01-2021,3305,3309.149902,3262.100098,3273.850098,3136.934326,2778546
22-01-2021,3241.899902,3325,3241.899902,3303.100098,3164.961182,3052459
25-01-2021,3308.949951,3339.800049,3278.649902,3291.300049,3153.654541,2272887
27-01-2021,3300,3306.449951,3227,3261.050049,3124.669678,2786662
28-01-2021,3230,3275,3183.800049,3196.550049,3062.866943,3083938
29-01-2021,3210.050049,3216.850098,3100,3111.350098,2981.230469,5445659
01-02-2021,3100,3165,3044.100098,3139.350098,3008.059082,3985846
02-02-2021,3174,3224,3150,3203.449951,3069.478516,2881837
03-02-2021,3213,3236,3162.649902,3200.050049,3066.220703,2505866
04-02-2021,3216.050049,3237.850098,3176,3188.449951,3055.105957,2057261
05-02-2021,3198.949951,3205.850098,3129,3157.949951,3025.880859,2366135
08-02-2021,3189.5,3226,3155.149902,3214.100098,3079.683105,2526592
09-02-2021,3195,3245.800049,3164,3176.899902,3044.038818,2658751
10-02-2021,3185,3219.399902,3157.300049,3213.300049,3078.916504,2127983
11-02-2021,3215,3219.300049,3185.050049,3206,3071.921631,1165882
12-02-2021,3184.199951,3245.5,3182,3190.800049,3057.357666,2777404
15-02-2021,3209,3209,3131.550049,3139.850098,3008.538574,2630853
16-02-2021,3150,3167.649902,3100,3108.800049,2978.786865,3435770
17-02-2021,3105.100098,3132.850098,3045.550049,3073.100098,2944.579834,3678426
18-02-2021,3065,3097.899902,3031,3057.350098,2929.488037,4189909
19-02-2021,3058,3087.149902,3016.149902,3071.850098,2943.382324,3725028
22-02-2021,3096,3096,2943.149902,2958.449951,2834.724365,5366696
23-02-2021,2970,3028,2968,2980.199951,2855.564941,3832829
24-02-2021,2972,3003.350098,2921.149902,2948.100098,2824.807129,3774549
25-02-2021,2974,3029.899902,2968.449951,2995.300049,2870.033447,4224073
26-02-2021,2960,2972.350098,2880,2894.300049,2773.257568,5553153
01-03-2021,2926,2965,2901.800049,2924.199951,2801.906982,3265871
02-03-2021,2960,3025,2948,3006.350098,2880.621582,3306469
03-03-2021,3035,3064,2996.899902,3059.100098,2931.165283,3509857
04-03-2021,3023,3081.449951,3016.050049,3049.699951,2922.158203,3916760
05-03-2021,3016.100098,3063.199951,2996.600098,3008.050049,2882.250244,3203686
08-03-2021,3016,3033,2996,3006.949951,2881.196289,2003125
09-03-2021,3006.949951,3066.899902,2992.100098,3050.949951,2923.356201,1942397
10-03-2021,3075,3093.199951,3060,3070.949951,2942.519531,3053778
12-03-2021,3075,3117,3041.350098,3057.949951,2930.063477,2938317
15-03-2021,3041,3099,3041,3066.149902,2937.920166,3097083
16-03-2021,3060,3141,3060,3110.050049,2979.984375,4894756
17-03-2021,3105,3155,3085.300049,3112.949951,2982.762939,3838390
18-03-2021,3125.949951,3146.449951,2987.050049,3036.5,2909.510498,3656306
19-03-2021,3030,3099,3005,3050.199951,2922.637695,5776626
22-03-2021,3048.699951,3139.449951,3018.649902,3129.649902,2998.764648,2821646
23-03-2021,3140,3169,3122.850098,3142.600098,3011.173584,3305973
24-03-2021,3111.199951,3152.300049,3111.149902,3121.100098,2990.572266,2207104
25-03-2021,3112.199951,3130.850098,3050,3064.850098,2936.674805,3179786
26-03-2021,3090.649902,3118,3043.050049,3066.800049,2938.542969,3697370
30-03-2021,3083,3188.449951,3060.899902,3158.550049,3026.456299,4694008
31-03-2021,3155,3205,3132,3177.850098,3044.949219,3530069
01-04-2021,3191.100098,3215,3145,3165,3032.63623,4285076
05-04-2021,3171,3263,3151,3238.899902,3103.445801,5317862
06-04-2021,3275,3275,3230,3264.699951,3128.166992,2291562
07-04-2021,3259,3277.550049,3234.800049,3271.399902,3134.58667,2491268
08-04-2021,3270,3335,3266.050049,3317.350098,3178.615234,2578118
09-04-2021,3354,3354.350098,3308,3322.25,3183.310059,2911129
12-04-2021,3322.25,3338.100098,3213.199951,3246.550049,3110.776123,3791828
13-04-2021,3214,3214,3073.050049,3104.050049,2974.235352,8654596
15-04-2021,3160.300049,3237.25,3087.449951,3218.949951,3084.330078,6062760
16-04-2021,3229,3247,3182.600098,3195.149902,3061.525391,3224657
19-04-2021,3169,3189,3135.100098,3161.800049,3029.570068,2679106
20-04-2021,3225,3225.350098,3126.350098,3144.550049,3013.041504,3141893
22-04-2021,3148,3148,3105.25,3118.800049,2988.368896,1988980
23-04-2021,3105,3119,3091.050049,3109.5,2979.457031,1615309
26-04-2021,3102.050049,3153,3088.050049,3100.800049,2971.121094,2490260
27-04-2021,3106,3136.100098,3103,3132,3001.016602,1471417
28-04-2021,3149.949951,3151,3112,3124.100098,2993.446777,1639037
29-04-2021,3145.600098,3157.350098,3105.5,3115.25,2984.967285,1621395
30-04-2021,3099,3132.050049,3020,3035.649902,2908.696045,3072305
03-05-2021,3024.899902,3055,3004,3037,2909.989502,1545831
04-05-2021,3062.800049,3090,3035,3049.75,2922.206055,1990777
05-05-2021,3070,3099.399902,3052.399902,3095.699951,2966.234863,1939289
06-05-2021,3105.5,3134,3074,3111.449951,2981.325928,1791671
07-05-2021,3133,3159.850098,3111.800049,3132.899902,3001.878906,1912540
10-05-2021,3145.949951,3164.199951,3125,3145.5,3013.951904,2137153
11-05-2021,3125,3128.100098,3091.149902,3122.600098,2992.01001,2415625
12-05-2021,3120,3120,3070.600098,3087.600098,2958.473633,1978558
14-05-2021,3098.5,3098.5,3040,3051.5,2923.883057,2043935
17-05-2021,3055,3075.199951,3036,3069.75,2941.369873,2890462
18-05-2021,3100,3124,3078,3088.800049,2959.623535,2098538
19-05-2021,3084,3118,3067.100098,3082,2953.107666,1986041
20-05-2021,3067.100098,3088.800049,3052.100098,3060,2932.027832,2329027
21-05-2021,3061,3088.199951,3055.100098,3080.5,2951.670166,1685566
24-05-2021,3081.5,3105,3072,3081.5,2952.628174,1652260
25-05-2021,3092,3128.25,3082.100098,3114,2998.364746,1841613
26-05-2021,3120,3165,3103.800049,3158.5,3041.212158,1923753
27-05-2021,3161.949951,3217.75,3161.800049,3180,3061.913574,5959785
28-05-2021,3189.5,3198,3135.649902,3143.600098,3026.865479,1763701
31-05-2021,3150,3170.350098,3128.600098,3159.149902,3041.837891,1652799
01-06-2021,3168.600098,3169.949951,3132,3153,3035.91626,1377441
02-06-2021,3150.850098,3159.449951,3115,3129.449951,3013.240723,2240078
03-06-2021,3154.550049,3154.550049,3122.649902,3141.25,3024.602295,1281706
04-06-2021,3128,3156.850098,3125,3143.75,3027.009766,1836060
07-06-2021,3145,3190.449951,3133.600098,3183.199951,3064.994629,2559821
08-06-2021,3198,3231,3187.199951,3200.149902,3081.315186,2574057
09-06-2021,3202,3220,3186.199951,3200.25,3081.411377,1710925
10-06-2021,3210,3224,3193,3216.800049,3097.347168,1874324
11-06-2021,3211.550049,3309,3211,3273.800049,3152.230225,3452954
14-06-2021,3279,3308.699951,3270.350098,3276.350098,3154.686035,1847360
15-06-2021,3298,3298,3251.550049,3262.75,3141.590332,1304985
16-06-2021,3262.100098,3294.699951,3253,3274.350098,3152.76001,1635552
17-06-2021,3265.5,3336.050049,3260,3317.75,3194.548584,2273413
18-06-2021,3350.899902,3358,3275,3297.300049,3174.85791,3380431
21-06-2021,3265,3286,3251.699951,3273.100098,3151.556641,1130569
22-06-2021,3304,3327.050049,3285,3301.199951,3178.613037,1708688
23-06-2021,3329,3329,3256.399902,3261.399902,3140.290771,1467104
24-06-2021,3284,3383,3278.5,3373.600098,3248.324951,4155204
25-06-2021,3375.25,3399.649902,3350,3380.800049,3255.256836,2722861
28-06-2021,3391.5,3391.5,3333,3336.75,3212.843018,1355238
29-06-2021,3342,3366.300049,3326.5,3340.850098,3216.790771,1497322
30-06-2021,3346,3382,3338.5,3345.75,3221.508301,1693146
01-07-2021,3358,3362,3332.350098,3341.5,3217.41626,990310
02-07-2021,3331,3339.699951,3295.199951,3325.449951,3201.961914,1682274
05-07-2021,3342,3374,3302,3321,3197.677734,1972858
06-07-2021,3313,3328,3256.100098,3262.300049,3141.157715,2159420
07-07-2021,3275,3282.699951,3241.600098,3274.949951,3153.337646,2640710
08-07-2021,3298,3298,3231.899902,3258.5,3137.498779,2485811
09-07-2021,3250,3282,3201,3208.149902,3089.018066,6365067
12-07-2021,3235,3236,3188.350098,3193.100098,3074.527588,1892226
13-07-2021,3214,3214,3175,3187.550049,3069.183594,1809339
14-07-2021,3187,3222,3185,3214.550049,3095.180664,2044279
15-07-2021,3227.600098,3231.850098,3194,3202.949951,3090.741699,2232968
16-07-2021,3213,3219.850098,3192,3194.800049,3082.877441,1256526
19-07-2021,3180,3199.800049,3176,3184.600098,3073.034912,1597058
20-07-2021,3184.600098,3215,3156.149902,3205.800049,3093.491943,1811945
22-07-2021,3190,3224.949951,3190,3216.350098,3103.672363,2859334
23-07-2021,3230,3241.550049,3206.649902,3212.850098,3100.295166,1776193
26-07-2021,3200,3224.25,3190.850098,3197.550049,3085.53125,1259611
27-07-2021,3200,3210,3161.149902,3182.949951,3071.442383,1121367
28-07-2021,3188,3204.449951,3132.399902,3197.800049,3085.772461,1660654
29-07-2021,3200.25,3225.449951,3190.300049,3195.800049,3083.842285,1731997
30-07-2021,3219,3223.5,3162.350098,3167.449951,3056.485596,2999943
02-08-2021,3180,3224.899902,3167,3219.399902,3106.615234,2608669
03-08-2021,3229,3290,3218.949951,3284.899902,3169.820557,3804735
04-08-2021,3300,3305.199951,3261.199951,3273.949951,3159.254395,2929598
05-08-2021,3275,3315,3262.5,3283.949951,3168.904297,2534521
06-08-2021,3272.550049,3324,3265,3309.800049,3193.848389,2292362
09-08-2021,3323.899902,3337,3310,3322.699951,3206.296387,1510489
10-08-2021,3315.600098,3349.899902,3315.600098,3333.899902,3217.104248,2040777
11-08-2021,3350,3360,3327.100098,3344.199951,3227.043213,1929707
12-08-2021,3326,3368,3326,3351.75,3234.328857,1310205
13-08-2021,3360.75,3480,3357.5,3463.399902,3342.067383,4363584
16-08-2021,3460,3494.350098,3436.5,3472.949951,3351.282959,2083489
17-08-2021,3482.100098,3560.800049,3463,3553.050049,3428.57666,4336019
18-08-2021,3573.850098,3595,3536.600098,3560.550049,3435.813965,2631309
20-08-2021,3506,3575,3500,3559.5,3434.800781,2836148
23-08-2021,3580,3673,3561.899902,3637.399902,3509.97168,3744176
24-08-2021,3657,3667.350098,3594.399902,3613.199951,3486.619629,2511141
25-08-2021,3610,3697.75,3607.050049,3659,3530.814941,2123263
26-08-2021,3660,3687.600098,3647.899902,3671.850098,3543.214844,1902533
27-08-2021,3666,3729.5,3651.100098,3720.149902,3589.822754,3944728
30-08-2021,3715,3740.350098,3687.600098,3701.300049,3571.633545,2033114
31-08-2021,3709.399902,3804.100098,3703.449951,3786.449951,3653.800537,3207480
01-09-2021,3796,3816.699951,3707,3714.949951,3584.805176,2643336
02-09-2021,3734,3859.149902,3722,3836.75,3702.338379,3403717
03-09-2021,3825,3856.899902,3804.550049,3842.050049,3707.452637,1746812
06-09-2021,3849.699951,3877.600098,3814,3852,3717.053711,1723693
07-09-2021,3864,3869.949951,3808.25,3815.899902,3682.218262,1585039
08-09-2021,3810,3815,3756,3774.149902,3641.931152,4147175
09-09-2021,3789.699951,3808.699951,3765,3791.399902,3658.57666,1441148
13-09-2021,3767,3852.399902,3767,3845.350098,3710.636963,1691473
14-09-2021,3849.949951,3896.5,3825,3885.899902,3749.765869,1991188
15-09-2021,3882.100098,3980,3866,3954.550049,3816.01123,2461369
16-09-2021,3930,3981.75,3892.100098,3903.300049,3766.556641,2946666
17-09-2021,3920,3945,3805,3827.850098,3693.75,6477148
20-09-2021,3809,3871,3807.850098,3823.5,3689.552246,2002008
21-09-2021,3858,3871.550049,3821.649902,3862.949951,3727.620117,1568129
22-09-2021,3862.5,3896.850098,3852.449951,3862.149902,3726.8479,1744067
23-09-2021,3870,3879,3835,3869.25,3733.699707,2003869
24-09-2021,3890,3944.399902,3855,3871.300049,3735.677734,2320754
27-09-2021,3900,3904,3802.899902,3836.949951,3702.531006,1673362
28-09-2021,3850,3850,3751.25,3779.149902,3646.755615,2253075
29-09-2021,3759.800049,3806,3722.149902,3791.899902,3659.059082,2489161
30-09-2021,3805,3805,3750.100098,3775.550049,3643.282227,2252412
01-10-2021,3781.75,3810,3725,3730.199951,3599.520752,1578374
04-10-2021,3724.800049,3783.649902,3707.449951,3773.300049,3641.11084,1356860
05-10-2021,3754,3840,3741.600098,3833.300049,3699.009277,1877966
06-10-2021,3836,3857.449951,3795,3810.899902,3677.393311,1678154
07-10-2021,3830,3899,3820.050049,3892.899902,3756.520996,1647233
08-10-2021,3925,3989.899902,3900,3935.649902,3797.773193,2934339
11-10-2021,3755,3757.5,3660,3685.600098,3556.483154,11845402
12-10-2021,3706,3707,3630.600098,3652.850098,3524.880859,5752877
13-10-2021,3650,3675.449951,3645,3655.199951,3527.148438,3545655
14-10-2021,3625,3670,3608.199951,3611.449951,3491.61792,6442299
18-10-2021,3603.449951,3652.699951,3601.449951,3647.149902,3526.133057,3590107
19-10-2021,3669,3690.100098,3625.199951,3634.149902,3513.564209,3135441
20-10-2021,3612,3630,3578.300049,3608.850098,3489.104004,2933693
21-10-2021,3604.100098,3607.449951,3511.25,3532.5,3415.287598,4871211
22-10-2021,3560,3561.600098,3485,3498.850098,3382.75415,2691670
25-10-2021,3503,3514.550049,3450,3492.949951,3377.049561,2595594
26-10-2021,3494.5,3529,3475,3482.600098,3367.042969,3878763
27-10-2021,3483,3511.25,3483,3489.75,3373.955811,2510813
28-10-2021,3518,3518,3415,3421.649902,3308.115234,2424942
29-10-2021,3400.050049,3461,3385.949951,3397.75,3285.008301,3960501
01-11-2021,3437.949951,3487,3412.949951,3476.399902,3361.048828,2020718
02-11-2021,3494,3513.600098,3469.75,3484.199951,3368.590088,3087414
03-11-2021,3504.199951,3519.899902,3466.050049,3492.25,3376.372803,1537639
04-11-2021,3512.949951,3513.25,3505,3508.649902,3392.228516,328991
08-11-2021,3548,3548,3481.199951,3502.75,3386.524658,2526082
09-11-2021,3508,3535,3496,3505.699951,3389.376709,1782692
10-11-2021,3498,3519.699951,3480.199951,3484.300049,3368.686768,1516489
11-11-2021,3480,3510.050049,3436,3488.199951,3372.45752,1284514
12-11-2021,3506,3534.149902,3485.699951,3526.050049,3409.051514,1747259
15-11-2021,3528,3569.600098,3528,3553.300049,3435.397461,1809157
16-11-2021,3569,3575.550049,3542,3556.399902,3438.394287,2013204
17-11-2021,3550.600098,3562.850098,3506.399902,3521.899902,3405.039063,1632914
18-11-2021,3515.149902,3520.850098,3451.600098,3475.699951,3360.371826,2136598
22-11-2021,3478.399902,3515.949951,3440.300049,3458.399902,3343.645996,3167936
23-11-2021,3445,3480.949951,3407.800049,3464.25,3349.301758,2153461
24-11-2021,3472.199951,3493.050049,3424,3443.300049,3329.047119,2161746
25-11-2021,3443.899902,3463,3434.050049,3445.899902,3331.560791,1849619
26-11-2021,3425,3490,3411.899902,3446.850098,3332.479492,1941251
29-11-2021,3447.149902,3529.350098,3406.449951,3502,3385.799316,2981745
30-11-2021,3491,3563.75,3491,3529.149902,3412.048584,5588446
01-12-2021,3535,3590,3535,3577.800049,3459.084473,2102118
02-12-2021,3589.199951,3648,3574.100098,3642.899902,3522.02417,3152938
03-12-2021,3646.449951,3665.949951,3630.850098,3640.449951,3519.655518,2486263
06-12-2021,3640.449951,3658,3522,3536.399902,3419.058105,1849642
07-12-2021,3562.5,3598,3524.300049,3584.5,3465.562012,1484458
08-12-2021,3601,3646.449951,3601,3626.899902,3506.554932,1428660
09-12-2021,3610,3634.75,3566,3601.75,3482.239502,1567957
10-12-2021,3585,3642,3575.100098,3636.800049,3516.126709,1510718
13-12-2021,3650,3662,3601.699951,3609.649902,3489.877441,1883864
14-12-2021,3605,3635,3576.699951,3623.800049,3503.557861,1747007
15-12-2021,3620,3623,3558.149902,3570.350098,3451.881592,1603233
16-12-2021,3582,3608.449951,3570,3581.600098,3462.758545,2072320
17-12-2021,3602.5,3651.350098,3573.699951,3584.350098,3465.416748,4333992
20-12-2021,3589,3606,3510.149902,3556.899902,3438.877686,2312310
21-12-2021,3582.649902,3641.199951,3566.399902,3608.300049,3488.572266,2340989
22-12-2021,3624,3636.800049,3606.25,3630.75,3510.277344,1224328
23-12-2021,3648,3670.5,3630,3662.699951,3541.167236,1792861
24-12-2021,3685,3705,3644.800049,3670.899902,3549.094971,2209923
27-12-2021,3671,3700,3653.100098,3696.100098,3573.458984,1534135
28-12-2021,3710,3725,3693.850098,3706.550049,3583.562256,1456218
29-12-2021,3692.25,3719.949951,3685,3694.699951,3572.105469,1456923
30-12-2021,3681.350098,3740,3680,3733.75,3609.859863,1966475
31-12-2021,3742.800049,3760,3731.300049,3738.350098,3614.307129,1207141
03-01-2022,3750,3830,3745,3817.75,3691.072266,2346158
04-01-2022,3831.100098,3889.149902,3811.699951,3884.75,3755.849365,2488606
05-01-2022,3865,3870,3812.399902,3860.949951,3732.839111,1733031
06-01-2022,3812,3835,3772,3807.449951,3681.114258,1810293
07-01-2022,3820,3864.899902,3796.399902,3853.5,3725.636475,2460591
10-01-2022,3978,3978,3861,3879.850098,3751.112061,3937092
11-01-2022,3856,3925,3856,3915.899902,3785.965332,1906106
12-01-2022,3925,3929,3836.550049,3859.899902,3731.82373,3203744
13-01-2022,3918,3923,3857,3897.899902,3768.562744,6684507
14-01-2022,3877.850098,3977,3860.050049,3968.149902,3836.481934,3348123
17-01-2022,3992.699951,4043,3962.300049,4019.149902,3885.789551,3442604
18-01-2022,4033.949951,4041.699951,3980,3990.600098,3858.187256,2389041
19-01-2022,4012,4012,3910.5,3914.649902,3791.407715,3102539
20-01-2022,3910,3920,3811,3826.550049,3706.081299,6176776
21-01-2022,3807,3851.550049,3771.100098,3833.5,3712.812744,3112358
24-01-2022,3840,3849.649902,3740.100098,3771.350098,3652.619385,3258414
25-01-2022,3769.5,3809.399902,3722.199951,3769.899902,3651.214844,3330501
27-01-2022,3731,3733.399902,3625.100098,3649.25,3534.363037,5718297
28-01-2022,3646,3729.800049,3646,3690.050049,3573.878662,3143862
31-01-2022,3749,3758,3721.399902,3736.25,3618.624023,2739393
01-02-2022,3770,3808,3736.399902,3800.649902,3680.996582,2105169
02-02-2022,3827.899902,3864,3800.649902,3856.199951,3734.797607,1984212
03-02-2022,3851,3882.5,3816.050049,3824.600098,3704.192627,1960538
04-02-2022,3815.300049,3824.699951,3769,3814.899902,3694.798096,2307366
07-02-2022,3791,3831.800049,3756.149902,3779,3660.02832,1919149
08-02-2022,3791.550049,3799.699951,3721,3743.449951,3625.597412,2946443
09-02-2022,3750,3777.949951,3746.100098,3760.550049,3642.15918,1638721
10-02-2022,3789.800049,3789.800049,3758,3770.350098,3651.650391,2112459
11-02-2022,3752.5,3752.5,3690,3694.949951,3578.624268,3851488
14-02-2022,3724,3793.25,3710,3733.75,3616.203125,5951745
15-02-2022,3786,3835,3748,3817.800049,3697.606689,3931683
16-02-2022,3844,3854.100098,3806,3813.100098,3693.054932,3256906
17-02-2022,3825,3835,3779,3784.199951,3665.064453,3134372
18-02-2022,3769,3815.949951,3757.600098,3793.899902,3674.459229,3688883
21-02-2022,3810,3827.800049,3705.550049,3719.399902,3602.304443,7465922
22-02-2022,3650,3667.899902,3570,3586.399902,3473.491943,5408531
23-02-2022,3611,3622.899902,3555.649902,3563.800049,3451.603516,2426203
24-02-2022,3474,3483.850098,3391.100098,3401.649902,3294.557861,5039136
25-02-2022,3468,3530,3462,3520.75,3409.908691,2549723
28-02-2022,3490,3563.75,3455.899902,3554.199951,3442.30542,3288942
02-03-2022,3552.5,3571.949951,3506,3546.149902,3434.508789,2761341
03-03-2022,3562.850098,3578.600098,3530.100098,3544.399902,3432.813965,1928039
04-03-2022,3501.5,3561.199951,3487.050049,3524.350098,3413.395508,2370257
07-03-2022,3450,3548,3431.550049,3484.899902,3375.187012,3054130
08-03-2022,3460,3609,3460,3599.949951,3486.615234,3300992
09-03-2022,3605,3654,3597.050049,3632.600098,3518.237793,2719654
10-03-2022,3684,3684,3615,3620.949951,3506.954102,2005441
11-03-2022,3603.25,3639.850098,3592.850098,3599.149902,3485.840332,1623423
14-03-2022,3580,3648.350098,3580,3643,3528.309814,1765688
15-03-2022,3659,3659,3585.399902,3593.899902,3480.755615,3651133
16-03-2022,3640.5,3668,3616.25,3655.899902,3540.803711,3090475
17-03-2022,3696.600098,3710,3660.300049,3672.75,3557.123047,3600452
21-03-2022,3696,3713.949951,3615,3626.699951,3512.522949,2413831
22-03-2022,3640,3711,3625,3700.949951,3584.435547,2907611
23-03-2022,3708,3729.800049,3690,3712.399902,3595.524902,1596195
24-03-2022,3700,3758.199951,3695,3749.850098,3631.796143,1879046
25-03-2022,3759.899902,3779.5,3672,3707.449951,3590.730713,1690133
28-03-2022,3695,3713,3661.199951,3707.699951,3590.9729,1760990
29-03-2022,3694.75,3722,3691,3705.350098,3588.697021,2689063
30-03-2022,3738,3738,3706.199951,3731.550049,3614.07251,1583455
31-03-2022,3740,3754.649902,3720.199951,3739.949951,3622.20752,2168110
01-04-2022,3748,3763,3728.050049,3758.75,3640.415771,1387014
04-04-2022,3762,3780,3737.100098,3770.350098,3651.650391,1472994
05-04-2022,3772,3835.600098,3772,3814.800049,3694.701172,2314947
06-04-2022,3809.300049,3809.300049,3731.149902,3755.350098,3637.122803,2051729
07-04-2022,3745.5,3745.5,3679,3684.149902,3568.164063,2494829
08-04-2022,3690,3705,3642.5,3685.649902,3569.617188,2296773
11-04-2022,3690,3712.350098,3656.100098,3696.399902,3580.028809,2291660
12-04-2022,3683,3739,3648.350098,3691.100098,3574.895752,4483476
13-04-2022,3707,3709.850098,3655.550049,3661.949951,3546.66333,1621672
18-04-2022,3610,3610,3522.5,3528.050049,3416.97876,3820792
19-04-2022,3550,3563.550049,3439.149902,3471.899902,3362.596191,3170014
20-04-2022,3500,3569.149902,3480,3556.800049,3444.82373,2640370
21-04-2022,3580,3644,3567.399902,3628.649902,3514.411621,2280996
22-04-2022,3581.100098,3617,3571.5,3612.550049,3498.818359,1581465
25-04-2022,3558,3584,3533.100098,3548.199951,3436.494385,1960694
26-04-2022,3575.149902,3587.899902,3518.149902,3546.300049,3434.654541,1943469
27-04-2022,3546,3568.449951,3506.300049,3561.199951,3449.085205,1727648
28-04-2022,3588,3604.399902,3538.050049,3584.300049,3471.457764,1703660
29-04-2022,3597,3623.25,3536.850098,3546.699951,3435.041504,2051115
02-05-2022,3519.899902,3547.949951,3492.75,3542.399902,3430.877197,1324161
04-05-2022,3538.5,3545.449951,3465.300049,3479.75,3370.199463,2305825
05-05-2022,3512.100098,3533,3485.350098,3513.399902,3402.789795,1612262
06-05-2022,3459,3474.5,3424.5,3432.600098,3324.533691,2010812
09-05-2022,3398,3456,3346.850098,3445.100098,3336.640381,2481830
10-05-2022,3434,3464.800049,3422,3438.75,3330.490234,1622685
11-05-2022,3435,3448.449951,3382.149902,3412,3304.582275,1841769
12-05-2022,3378,3449.699951,3350.100098,3408.649902,3301.337646,2807195
13-05-2022,3435,3439.899902,3382.149902,3414.899902,3307.391113,2187823
16-05-2022,3415,3430,3366.600098,3376.800049,3270.490479,1195813
17-05-2022,3370,3467,3350.399902,3451.600098,3342.935791,1754076
18-05-2022,3465,3495,3443.050049,3448.800049,3340.223877,1866781
19-05-2022,3397,3405,3230,3261.949951,3159.256104,4642963
20-05-2022,3310,3313.899902,3270.050049,3293,3189.328613,3065125
23-05-2022,3304.800049,3338.899902,3267,3321.75,3217.173584,2293690
24-05-2022,3315.149902,3324.850098,3275.600098,3288,3184.486328,1711510
25-05-2022,3292.850098,3292.850098,3154.050049,3167.649902,3088.590576,3548046
26-05-2022,3191,3241.5,3180.550049,3226.949951,3146.410645,2813186
27-05-2022,3253.199951,3278.899902,3229.199951,3261.300049,3179.90332,3103153
30-05-2022,3297,3386.600098,3286.350098,3375.25,3291.009277,2094624
31-05-2022,3354.149902,3383.399902,3325,3364.350098,3280.381592,4840965
01-06-2022,3388,3388,3340.050049,3355.199951,3271.459961,1493835
02-06-2022,3355,3432,3346.300049,3423,3337.567627,2657939
03-06-2022,3459.399902,3477.300049,3431.199951,3440.149902,3354.289307,1913622
06-06-2022,3418,3453,3377.149902,3430.949951,3345.319336,1084210
07-06-2022,3401.050049,3418.850098,3356,3362.699951,3278.772461,2308256
08-06-2022,3380.149902,3413.949951,3346.5,3404.149902,3319.187988,2185707
09-06-2022,3385,3437,3353.100098,3427.100098,3341.56543,1279197
10-06-2022,3382,3393,3352,3359.899902,3276.04248,1527582
13-06-2022,3290,3293,3192.449951,3219.600098,3139.244141,3030921
14-06-2022,3190,3238.899902,3174.699951,3210.550049,3130.420166,2611493
15-06-2022,3218.5,3234,3201,3206.300049,3126.276367,1404536
16-06-2022,3240,3244.850098,3133.050049,3142,3063.580811,2032028
17-06-2022,3092,3118.75,3023.850098,3088.899902,3011.805908,5240434
20-06-2022,3094,3138.75,3069,3112.399902,3034.719482,1502769
21-06-2022,3130,3237.75,3125.399902,3211.949951,3131.784912,2964461
22-06-2022,3199.899902,3250.550049,3183,3222.949951,3142.510498,3336315
23-06-2022,3222.949951,3318,3222.949951,3308.800049,3226.217773,3692578
24-06-2022,3339,3345,3277.5,3293.100098,3210.909668,2132118
27-06-2022,3350,3362.899902,3306.5,3314.699951,3231.970459,2037686
28-06-2022,3307,3330,3272.600098,3318.149902,3235.334229,1400046
29-06-2022,3271,3333,3271,3290.5,3208.374512,2133994
30-06-2022,3272,3310.899902,3255,3267.100098,3185.558594,2719603
01-07-2022,3260,3333,3252.050049,3315.100098,3232.36084,1502879
04-07-2022,3312,3317.949951,3225.050049,3235.050049,3154.308594,2622535
05-07-2022,3255,3272,3206.949951,3216.300049,3136.026611,2170627
06-07-2022,3218.5,3268.5,3202.25,3260.75,3179.367188,2182144
07-07-2022,3271,3319.399902,3265.050049,3287.850098,3205.791016,1989921
08-07-2022,3300,3305,3250,3265.449951,3183.949707,2136916
11-07-2022,3206.149902,3225,3106,3113.800049,3036.084717,6974600
12-07-2022,3114.899902,3136.199951,3080.25,3084.699951,3007.710938,3734815
13-07-2022,3104,3110,3035,3038.75,2962.907715,3863530
14-07-2022,3056,3057,2967,2998.75,2931.624268,4764908
15-07-2022,3018.550049,3028.899902,2953,2994.600098,2927.567139,4574806
18-07-2022,3023,3076.949951,3014.300049,3063.5,2994.924805,3202795
19-07-2022,3030.050049,3078.949951,3030.050049,3074.25,3005.434326,1865074
20-07-2022,3107.800049,3171.949951,3098.050049,3164.800049,3093.957275,3402251
21-07-2022,3167,3184,3144.050049,3177.300049,3106.17749,2420640
22-07-2022,3185,3197,3143.5,3171,3100.018555,2075886
25-07-2022,3165,3186.449951,3149.100098,3166.75,3095.863525,1797504
26-07-2022,3164.699951,3168.899902,3096.5,3115.899902,3046.151855,2639367
27-07-2022,3115,3194.100098,3110,3188.850098,3117.468994,1389808
28-07-2022,3216,3264,3201.649902,3260.5,3187.514893,2106333
29-07-2022,3290,3317.300049,3275,3301.899902,3227.988037,2430257
01-08-2022,3327,3327,3271,3298.800049,3224.95752,1306913
02-08-2022,3290,3312.899902,3271.649902,3291.800049,3218.114502,1269114
03-08-2022,3280,3349,3277.050049,3339.5,3264.746826,2895824
04-08-2022,3350,3387.899902,3307.350098,3354.949951,3279.85083,2150567
05-08-2022,3361.199951,3377,3355,3365.050049,3289.724854,1106933
08-08-2022,3365,3378.899902,3336,3374.449951,3298.914307,1068836
10-08-2022,3385,3385,3335,3354.25,3279.166504,1878359
11-08-2022,3400,3428.699951,3375.050049,3422.5,3345.888916,1449248
12-08-2022,3419,3419,3381.25,3401.550049,3325.407715,1472354
16-08-2022,3411,3414.850098,3387.5,3392.699951,3316.755615,839942
17-08-2022,3385.100098,3417.949951,3371.100098,3401.100098,3324.967773,1622326
18-08-2022,3390,3392,3362,3381.25,3305.562012,1430659
19-08-2022,3387,3421.5,3371.25,3385.75,3309.961182,1398410
22-08-2022,3365,3384.100098,3347.399902,3354.550049,3279.459961,1536532
23-08-2022,3319.949951,3341.899902,3270,3284.600098,3211.075684,1849256
24-08-2022,3292,3308,3250.199951,3255.350098,3182.480469,1691923
25-08-2022,3276,3278.149902,3214.75,3218.199951,3146.161865,1946930
26-08-2022,3234.300049,3257,3216.800049,3222.199951,3150.072266,1457962
29-08-2022,3125,3142.699951,3081,3132.550049,3062.429199,2539173
30-08-2022,3155,3226.5,3142.100098,3211.149902,3139.269775,3431525
01-09-2022,3190,3190,3121,3131.699951,3061.598145,3546935
02-09-2022,3163,3163,3120.300049,3130.399902,3060.327148,2052900
05-09-2022,3123.649902,3147.949951,3112.25,3133.399902,3063.26001,2147912
06-09-2022,3135.5,3140.850098,3106.350098,3127.050049,3057.052246,1936453
07-09-2022,3102,3161.899902,3102,3149.600098,3079.097656,1291534
08-09-2022,3170,3183.5,3160.100098,3169.649902,3098.698486,1346113
09-09-2022,3195,3233.5,3168.5,3217.649902,3145.624023,1561185
12-09-2022,3239.899902,3269.800049,3225,3242.949951,3170.357666,1785928
13-09-2022,3263.449951,3263.449951,3225,3229.350098,3157.062256,1972678
14-09-2022,3135,3141.399902,3113.800049,3120.399902,3050.551025,5090269
15-09-2022,3130,3137.75,3100,3104.350098,3034.860596,2138023
16-09-2022,3076,3094.350098,3000,3008.699951,2941.351563,5322221
19-09-2022,3036,3042,2987.800049,3028.800049,2961.001709,2072220
20-09-2022,3050,3079.949951,3030,3040.300049,2972.244141,1544295
21-09-2022,3028,3041.399902,2998.149902,3001.199951,2934.019287,2253818
22-09-2022,2990,3029.949951,2979.300049,3007.399902,2940.080322,2017983
23-09-2022,3004,3022.5,2979,2982.050049,2915.298096,2652374
26-09-2022,2959.850098,3025.850098,2926.100098,2994.399902,2927.371338,2925489
27-09-2022,3009.399902,3025,2976,3017.449951,2949.905518,2227447
28-09-2022,2980,3049.949951,2980,3035.649902,2967.698242,2739767
29-09-2022,3054,3055.850098,2990,2997.300049,2930.206787,2493902
30-09-2022,2990.850098,3019.699951,2950.100098,3004.550049,2937.294434,2817353
03-10-2022,2995,3020.699951,2974,2984.949951,2918.133057,1763331
04-10-2022,3029.949951,3098,3023,3091.149902,3021.955566,2145875
06-10-2022,3111,3124,3092.449951,3101.949951,3032.51416,1790816
07-10-2022,3097.399902,3105,3058.100098,3064.899902,2996.293213,1939879
10-10-2022,3010,3127,3005,3118.550049,3048.742432,3064063
11-10-2022,3100,3145,3053.350098,3069.550049,3000.839355,4730645
12-10-2022,3084.899902,3109.899902,3062.050049,3100.75,3031.341064,1665247
13-10-2022,3100.75,3110,3052.350098,3103.300049,3033.833984,2054781
14-10-2022,3145,3150,3071,3099.149902,3029.776855,2245977
17-10-2022,3072.649902,3128.399902,3071.449951,3111.75,3049.967773,1517005
18-10-2022,3150,3155.350098,3128.550049,3144.699951,3082.263672,1793722
19-10-2022,3159,3159,3112,3121.850098,3059.867432,1194289
20-10-2022,3105,3160,3105,3157.300049,3094.613525,1587601
21-10-2022,3157.800049,3160.399902,3127,3137.399902,3075.108398,1021913
24-10-2022,3170.100098,3178,3155,3161.699951,3098.926025,260949
25-10-2022,3180.5,3184.25,3151.149902,3162.100098,3099.318115,2069643
27-10-2022,3160.699951,3174,3134.350098,3157.399902,3094.711426,2438421
28-10-2022,3150,3178.5,3145,3163.25,3100.445313,1355739
31-10-2022,3199,3199,3177.800049,3193.149902,3129.751465,1919414
01-11-2022,3214.5,3262.600098,3203.449951,3259.699951,3194.980225,2991060
02-11-2022,3270,3270,3222.050049,3241.699951,3177.337646,1405955
03-11-2022,3228.050049,3228.050049,3195,3206.75,3143.081543,1422652
04-11-2022,3217,3220.050049,3166.149902,3217.399902,3153.52002,1464013
07-11-2022,3229,3242.800049,3195.100098,3233.699951,3169.496582,1474498
09-11-2022,3249.800049,3249.800049,3201.649902,3216.050049,3152.197021,1162267
10-11-2022,3170,3225,3170,3205.649902,3142.003418,1573092
11-11-2022,3269.600098,3341.600098,3255.050049,3315.949951,3250.113525,3265394
14-11-2022,3324,3349,3309,3335.5,3269.275391,1342074
15-11-2022,3321,3339.949951,3292,3332.600098,3266.433105,1400708
16-11-2022,3338.899902,3367.899902,3321.449951,3355.350098,3288.731445,1748235
17-11-2022,3340,3360,3317.75,3349,3282.507324,1417986
18-11-2022,3350,3362.75,3321,3343.449951,3277.067383,1164540
21-11-2022,3322.5,3333.699951,3273,3283.5,3218.307861,1304194
22-11-2022,3280,3318.949951,3255.25,3314.949951,3249.133301,1149739
23-11-2022,3330,3330,3291,3308.300049,3242.615479,1150011
24-11-2022,3316.25,3392.949951,3308.300049,3380.149902,3313.038818,1296591
25-11-2022,3383,3403.350098,3348,3389.649902,3322.350098,1588981
28-11-2022,3366,3417,3365.550049,3395.25,3327.839111,2195437
29-11-2022,3383,3429,3383,3397.350098,3329.897461,1576028
30-11-2022,3383,3414.899902,3375,3390.800049,3323.477539,3410702
01-12-2022,3425,3480,3420,3475.649902,3406.642578,2180856
02-12-2022,3458.100098,3468.899902,3413,3439.149902,3370.867432,2411749
05-12-2022,3433,3439.149902,3407,3425.899902,3357.880371,1475065
06-12-2022,3400.050049,3407.949951,3368,3385.350098,3318.135742,1166999
07-12-2022,3368.300049,3393.699951,3354,3380.600098,3313.47998,1167505
08-12-2022,3360,3380.600098,3339.449951,3350.550049,3284.026611,1285619
09-12-2022,3374.100098,3374.100098,3276.350098,3292.75,3227.374023,1797896
12-12-2022,3255.5,3296,3236.100098,3286.449951,3221.199219,1527610
13-12-2022,3277.199951,3336.449951,3267.800049,3332.100098,3265.942871,1378016
14-12-2022,3348.800049,3377,3340.899902,3365.350098,3298.532715,1213311
15-12-2022,3358.800049,3364.75,3298.949951,3305.100098,3239.479004,1415694
16-12-2022,3275,3292,3225.199951,3240.25,3175.916504,2703680
19-12-2022,3227,3245.5,3194.5,3202.050049,3138.475098,2120965
20-12-2022,3198.899902,3249,3163.649902,3243.949951,3179.542969,1529971
21-12-2022,3249,3283.050049,3240,3268.550049,3203.654785,1432566
22-12-2022,3294,3294,3245.100098,3259.699951,3194.980225,1384101
23-12-2022,3217,3266.850098,3217,3228.350098,3164.25293,1360281
26-12-2022,3228.350098,3272,3225.050049,3252.899902,3188.315186,870157
27-12-2022,3269.199951,3273.800049,3231.5,3259.5,3194.784424,835883
28-12-2022,3249.800049,3266.100098,3226,3257.100098,3192.432129,910795
29-12-2022,3231.100098,3271.5,3228,3268.75,3203.850586,1037927
30-12-2022,3286.050049,3299,3246.199951,3256.699951,3192.039795,1163131
02-01-2023,3261,3266.850098,3235.199951,3261.449951,3196.695557,709547
03-01-2023,3252,3320,3245.300049,3311.350098,3245.60498,1245178
04-01-2023,3306.699951,3327.350098,3286.199951,3314.649902,3248.839111,1231668
05-01-2023,3330.199951,3337.300049,3281.949951,3311.100098,3245.359863,1826057
06-01-2023,3300,3301.550049,3200,3211.550049,3147.786377,2488376
09-01-2023,3229,3327,3221.149902,3319.949951,3254.033936,2885060
10-01-2023,3285,3298,3230.100098,3286.399902,3221.150146,3864655
11-01-2023,3290.100098,3349.5,3271.149902,3328.699951,3262.610352,2720512
12-01-2023,3329,3350,3315.550049,3334.350098,3268.148193,2250391
13-01-2023,3342.899902,3379,3305,3374.550049,3307.550049,1742837
16-01-2023,3317,3353,3298.050049,3334.050049,3334.050049,1843607
17-01-2023,3330,3381.800049,3321,3378.399902,3378.399902,1688475
18-01-2023,3380,3408.949951,3372.25,3390,3390,2421189
19-01-2023,3380,3387,3361,3373.100098,3373.100098,1585044
20-01-2023,3365,3394.649902,3355.600098,3363.100098,3363.100098,1529349
23-01-2023,3388,3419,3355.600098,3414.899902,3414.899902,1067916
24-01-2023,3425,3451.949951,3417.300049,3436.300049,3436.300049,1387863
25-01-2023,3425.300049,3435,3405,3429.75,3429.75,874110
27-01-2023,3426,3446,3382.300049,3411.050049,3411.050049,1785879
30-01-2023,3420,3458.449951,3385.550049,3433.649902,3433.649902,1953798
31-01-2023,3449,3449,3351,3358.699951,3358.699951,2820375
01-02-2023,3363,3419,3355,3408.350098,3408.350098,2205161
02-02-2023,3427,3469,3420.100098,3460.399902,3460.399902,1813847
03-02-2023,3504,3504,3452.899902,3482.300049,3482.300049,1804469
06-02-2023,3473.149902,3473.149902,3436.850098,3459.949951,3459.949951,1138714
07-02-2023,3468.899902,3493,3461.399902,3472.550049,3472.550049,1455647
08-02-2023,3478.050049,3539.899902,3478.050049,3520.100098,3520.100098,1986946
09-02-2023,3515,3547.600098,3505.300049,3540.850098,3540.850098,1655427
10-02-2023,3520,3542.350098,3508.149902,3537.550049,3537.550049,1187821
13-02-2023,3549,3549,3473.399902,3482.399902,3482.399902,1087939
14-02-2023,3505,3524.850098,3495,3500.100098,3500.100098,1579818
15-02-2023,3487,3526,3460.149902,3520.649902,3520.649902,1429449
16-02-2023,3527.199951,3575,3527,3558.050049,3558.050049,1618931
17-02-2023,3526.149902,3538.899902,3490,3501.149902,3501.149902,1061369
20-02-2023,3502,3522,3475.050049,3487.300049,3487.300049,1296082
21-02-2023,3494,3508.899902,3444.75,3451,3451,1139541
22-02-2023,3414.949951,3447,3395,3401.550049,3401.550049,1218430
23-02-2023,3421,3452.399902,3408,3413.800049,3413.800049,1441570
24-02-2023,3422.5,3433.949951,3382.300049,3400.449951,3400.449951,977592
27-02-2023,3390,3390,3316,3331.850098,3331.850098,1128022
28-02-2023,3328.5,3392,3299.899902,3312.850098,3312.850098,4116217
01-03-2023,3323,3389,3315,3385.699951,3385.699951,1669307
02-03-2023,3361,3369.899902,3318,3321.449951,3321.449951,1556538
03-03-2023,3354,3358,3331.100098,3342.149902,3342.149902,1043190
06-03-2023,3361.899902,3404.949951,3359,3371.850098,3371.850098,1334132
08-03-2023,3364,3396,3330.850098,3390.399902,3390.399902,1844590
09-03-2023,3385,3385,3330.850098,3336.850098,3336.850098,1648500
10-03-2023,3312.899902,3337.25,3290,3331,3331,1024404
13-03-2023,3333,3369.800049,3272,3281.949951,3281.949951,1901233
14-03-2023,3280,3304.399902,3209.399902,3214.949951,3214.949951,2670334
15-03-2023,3250,3260.350098,3192,3198.899902,3198.899902,1780522
16-03-2023,3208,3219.800049,3172,3185,3185,1901060
17-03-2023,3150.5,3221.399902,3144,3179.300049,3179.300049,6739966
20-03-2023,3169.649902,3169.649902,3095.050049,3143.300049,3143.300049,2289468
21-03-2023,3143.300049,3156.75,3097.449951,3106.100098,3106.100098,1815297
22-03-2023,3130.050049,3143.5,3106.100098,3130.800049,3130.800049,1123939
23-03-2023,3114.899902,3146.350098,3101,3124.649902,3124.649902,1372218
24-03-2023,3148.899902,3170,3106,3120.5,3120.5,1329577
27-03-2023,3135,3152.75,3106,3122.300049,3122.300049,1524217
28-03-2023,3127,3149.550049,3110.149902,3115.899902,3115.899902,1303530
29-03-2023,3129,3150,3104.100098,3138.899902,3138.899902,1740616
31-03-2023,3189.949951,3213,3152,3205.899902,3205.899902,2382581
03-04-2023,3224.949951,3224.949951,3173.75,3200,3200,1521830
05-04-2023,3185.5,3264.350098,3185.5,3239.800049,3239.800049,2655065
06-04-2023,3225,3257.350098,3215,3220.699951,3220.699951,1703464
10-04-2023,3220,3272,3215,3263.399902,3263.399902,2203187
11-04-2023,3264,3272.949951,3192.149902,3213.800049,3213.800049,2348779
12-04-2023,3227.949951,3260.949951,3199,3241.649902,3241.649902,2417727
13-04-2023,3210,3230,3180,3188.850098,3188.850098,4174070
17-04-2023,3134.100098,3163.399902,3070.25,3139.5,3139.5,5505048
18-04-2023,3154.949951,3156.850098,3110.600098,3130.75,3130.75,2617302
19-04-2023,3130.75,3140,3071.5,3089.600098,3089.600098,3298034
20-04-2023,3090,3113,3078,3104.800049,3104.800049,2419999
21-04-2023,3110,3164.449951,3100.800049,3160.850098,3160.850098,1929184
24-04-2023,3151.100098,3180.949951,3126.149902,3174.800049,3174.800049,1640676
25-04-2023,3183,3191.199951,3147.5,3176,3176,2024090
26-04-2023,3181,3208.399902,3181,3198.149902,3198.149902,2000029
27-04-2023,3185,3199.199951,3170.649902,3187.949951,3187.949951,2434446
28-04-2023,3200.399902,3227.25,3196.25,3219.25,3219.25,2931312
02-05-2023,3235,3235,3210,3219.399902,3219.399902,2321159
03-05-2023,3216,3216,3173.149902,3179.899902,3179.899902,2468285
04-05-2023,3180.149902,3224.449951,3178,3220.699951,3220.699951,1953253
05-05-2023,3220,3244,3210.050049,3230.699951,3230.699951,1710027
08-05-2023,3245,3254.850098,3231.300049,3250.600098,3250.600098,928235
09-05-2023,3252.600098,3298,3246,3283.25,3283.25,1107375
10-05-2023,3290,3306.5,3266.050049,3286.800049,3286.800049,1559987
